110896991.txt	РЕКЛАМА
110896991.txt	безмолвии
110896991.txt	Тишину
110896991.txt	Ненавижу
110896991.txt	Вадим
110896991.txt	Вадима
110896991.txt	Вадим
110896991.txt	Вадим
110896991.txt	Вадим
110896991.txt	Индии
110896991.txt	Вадим
110896991.txt	колене
110896991.txt	Вадима
110896991.txt	Вадим
110896991.txt	Вадима
110896991.txt	Вадим
110896991.txt	Вадим
110896991.txt	Вадим
110896991.txt	Да
110896991.txt	Вадим
110896991.txt	Проснулась
110896991.txt	Вадима
110896991.txt	Вадима
110896991.txt	Пошли
110896991.txt	Куда
110896991.txt	Ты
110896991.txt	Вадима
110896991.txt	Вадим
110896991.txt	Вадим
110896991.txt	Вадим
110896991.txt	Вадим
110896991.txt	Вадим
110896991.txt	Извините
110896991.txt	Вадим
110896991.txt	Вадим
110896991.txt	Надо
110896991.txt	Ты
110896991.txt	Вадим
110896991.txt	Подожди
110896991.txt	Саша
110896991.txt	Вадим
110896991.txt	Саши
110896991.txt	Вадим
110896991.txt	Саша
110896991.txt	Вадиму
110896991.txt	Сашу
110896991.txt	Коньков
110896991.txt	Привет
110896991.txt	Саша
110896991.txt	Вадим
110896991.txt	Пойдем
110896991.txt	Саши
110896991.txt	Вадим
110896991.txt	Нормально
110896991.txt	Вадим
110896991.txt	Вадим
110896991.txt	Вадим
110896991.txt	Сашу
110896991.txt	Вадим
110896991.txt	Вадим
110896991.txt	Саша
110896991.txt	Саши
110896991.txt	Архитектуру
110896991.txt	Вадим
110896991.txt	Вадим
110896991.txt	Нет
110896991.txt	Почему
110896991.txt	Природа
110896991.txt	Давай
110896991.txt	Нет
110896991.txt	Ты
110896991.txt	Саша
110896991.txt	Вадим
110896991.txt	Сашу
110896991.txt	Вадим
110896991.txt	Вадим
110896991.txt	Вадим
110896991.txt	Саша
110896991.txt	Где
110896991.txt	Хорошо
110896991.txt	Сашу
110896991.txt	Вадим
110896991.txt	Вадим
110896991.txt	Вадиму
110896991.txt	Сашу
110896991.txt	Вадим
110896991.txt	Саша
110896991.txt	Вадим
110896991.txt	Подожди
110896991.txt	Вадим
110896991.txt	Саша
110896991.txt	Куда
110896991.txt	Вадим
110896991.txt	Просто
110896991.txt	Саша
110896991.txt	Вадим
110896991.txt	Саше
110896991.txt	Давай
110896991.txt	Развернись
110896991.txt	Саша
110896991.txt	Вадим
110896991.txt	Вадим
110896991.txt	Саша
110896991.txt	Правда
110896991.txt	Да
110896991.txt	Саша
110896991.txt	Вадиму
110896991.txt	Вадим
110896991.txt	Сашу
110896991.txt	Вадим
110896991.txt	Саша
110896991.txt	Саша
110896991.txt	Привет
110896991.txt	Вадим
110896991.txt	Саша
110896991.txt	Саша
110896991.txt	Вадиму
110896991.txt	Вадим
110896991.txt	Саша
110896991.txt	Вадим
110896991.txt	Саша
110896991.txt	Вадим
110896991.txt	Хочу
110896991.txt	Вадим
110896991.txt	Вадим
110896991.txt	Саше
110896991.txt	Саша
110896991.txt	Вадим
110896991.txt	Саша
110896991.txt	Вадим
110896991.txt	Саша
110896991.txt	Вадим
110896991.txt	Саша
110896991.txt	Саша
110896991.txt	Теперь
110896991.txt	Саша
110896991.txt	Вадима
110896991.txt	Вадима
110896991.txt	Вадим
110896991.txt	Саша
110896991.txt	Саша
110896991.txt	Вадим
110896991.txt	Сашей
110896991.txt	Вадим
110896991.txt	Саша
110896991.txt	Вадим
110896991.txt	Ты
110896991.txt	Вадим
110896991.txt	Сашей
110896991.txt	Вадим
110896991.txt	Вадим
110896991.txt	Сашу
110896991.txt	Вадим
110896991.txt	Сашиными
110896991.txt	Вадим
110896991.txt	Сашей
110896991.txt	Вадим
110896991.txt	Сашиного исчезновения
110896991.txt	Вадим
110896991.txt	Вадим
110896991.txt	Сашу
110896991.txt	Вадим
110896991.txt	Вадим
110896991.txt	Сашу
110896991.txt	Вадим
110896991.txt	Вадим
110896991.txt	Саша
110896991.txt	Вадим
110896991.txt	Вадим
110896991.txt	Саша
110896991.txt	Сегодня
110896991.txt	Вадим
110896991.txt	Понял
1146752.txt	Альтаир
1146752.txt	Алло
1146752.txt	Родж
1146752.txt	Габриэль
1146752.txt	Эль
1146752.txt	Дени
1146752.txt	Лукасом
1146752.txt	Бинго
1146752.txt	Дени
1146752.txt	Эль
1146752.txt	альф
1146752.txt	Омега
1146752.txt	Габриэль
1146752.txt	Лукасу
1146752.txt	Габриэлем
1146752.txt	Дениэль
1146752.txt	Эль
1146752.txt	Габриэля
1146752.txt	Габриэль
1146752.txt	Лукас
1146752.txt	Габриэля
1146752.txt	Лукаса
1146752.txt	Дениэль
1146752.txt	Эль
1146752.txt	FlyingDeer
1146752.txt	Дениэля
1146752.txt	Габриэль
1146752.txt	Эля
1146752.txt	Дени
1146752.txt	Эль
1146752.txt	Габриэля
1146752.txt	Эль
1146752.txt	Габриэль
1146752.txt	Дени
1146752.txt	Эль
1146752.txt	Габриэль
1146752.txt	Мрази
1146752.txt	Альтаир
1146752.txt	Габриэль
1146752.txt	Роджер
1146752.txt	Дениэль
1146752.txt	Роджер
1146752.txt	Альтаир
1146752.txt	Дениэль
1146752.txt	Роджер
1146752.txt	Роджер
1146752.txt	Альтаир
1146752.txt	Габриэлю
1146752.txt	Дениэль
1146752.txt	Роджеру
1146752.txt	Бармен
1146752.txt	Альтаир
1146752.txt	Габриэль
1146752.txt	Габриэль
1146752.txt	Альтаир
1146752.txt	Габриэль
1146752.txt	Альтаиром
1146752.txt	Ал
1146752.txt	Альтаир
1146752.txt	Алу
1146752.txt	Элю
1146752.txt	Габриэль
1146752.txt	Альтаира
1146752.txt	Ал
1146752.txt	Эль
1146752.txt	Альтаир
1146752.txt	Альтаир
1146752.txt	Эль
1146752.txt	Габриэль
1146752.txt	Альтаира
1146752.txt	Эль
1146752.txt	Альтаира
1146752.txt	Альтаир
1146752.txt	Альтаир
1146752.txt	Альтаир
1146752.txt	Альтаир
1146752.txt	Габриэля
1146752.txt	Омега
1146752.txt	Альтаира
1146752.txt	Эля
1146752.txt	Габриэль
1146752.txt	секатором отрежу
1146752.txt	Ничем
1146752.txt	Альфа
1146752.txt	Ал
1146752.txt	Каков
1146752.txt	Эль
1146752.txt	Габриэль
1146752.txt	Альтаир
1146752.txt	Альтаир
1146752.txt	Габриэля
1146752.txt	Эль
1146752.txt	Ал
1146752.txt	Ал
1146752.txt	Мирабл
1146752.txt	Габриэль
1146752.txt	Шалопаи
1146752.txt	Эль
1146752.txt	Альтаир
1146752.txt	Габриэль
1146752.txt	Эля
1146752.txt	Габриэль
1146752.txt	Альтаир
1146752.txt	Эль
1146752.txt	Габриэль
1146752.txt	Габриэль
1146752.txt	Габриэля
1146752.txt	Вяло
1146752.txt	Эль
1146752.txt	Альтаира
1146752.txt	Габриэля
1146752.txt	Альтаир
1146752.txt	Габриэля
1146752.txt	Ал
1146752.txt	Подожди
1146752.txt	Габриэль
1146752.txt	Эль
1146752.txt	Альтаира
1146752.txt	Эль
1146752.txt	Габриэль
1146752.txt	Габриэль
1146752.txt	Ал
1146752.txt	Выгнув
1146752.txt	Эль
1146752.txt	Альтаир
1146752.txt	Эля
1146752.txt	альфа
1146752.txt	Ала
1146752.txt	Габриэль
1146752.txt	Элем
1146752.txt	Альтаира
1146752.txt	Завершив
1146752.txt	Альтаира
1146752.txt	Габриэль
1146752.txt	Альтаира
1146752.txt	Габриэля
1146752.txt	Альтаир
1146752.txt	Габриэль
1146752.txt	Альтаир
1146752.txt	Альтаира
1146752.txt	Габриэль
1146752.txt	Альтаир
1146752.txt	Габриэля
1146752.txt	Эль
1146752.txt	Ала
1146752.txt	Габриэля
1146752.txt	Альтаира
1146752.txt	Альтаир
1146752.txt	Габриэля
1146752.txt	Эля
1146752.txt	Ал
1146752.txt	Габриэль
1146752.txt	Альтаир
1146752.txt	Габриэля
1146752.txt	Эль
1146752.txt	Альтаира
1146752.txt	Ал
1146752.txt	Габриэля
1146752.txt	Альтаир
1146752.txt	Ал
1146752.txt	Альтаир
1146752.txt	Габриэль
1146752.txt	Альтаир
1146752.txt	Эля
1146752.txt	Альтаир
1146752.txt	Ал
1146752.txt	Альтаира
1146752.txt	Благо
1146752.txt	Габриэль
1146752.txt	Габриэлем
1146752.txt	Альтаир
1146752.txt	Габриэлю
1146752.txt	Ал
1146752.txt	Альтаир
1146752.txt	Ал
1146752.txt	Эль
1146752.txt	Альтаир
1146752.txt	Габриэль
1146752.txt	Габриэлем
1146752.txt	Альтаир
1146752.txt	Ал
1146752.txt	Габриэлю
1146752.txt	Ал
1146752.txt	Элю
1146752.txt	Альтаира
1146752.txt	Альтаир
1146752.txt	Габриэля
1146752.txt	Эля
1146752.txt	Габриэль
1146752.txt	Альтаир
1146752.txt	Элю
1146752.txt	Альтаир
1146752.txt	Габриэль
1146752.txt	Альтаир
1146752.txt	Эля
1146752.txt	Ала
1146752.txt	Альтаир
1146752.txt	Ал
1146752.txt	Мысли
1146752.txt	Габриэля
1146752.txt	Габриэль
1146752.txt	Альтаир
1146752.txt	Подожди
1146752.txt	Завертев
1146752.txt	Альтаир
1146752.txt	Омега
1146752.txt	Альтаир
1146752.txt	Габриэль
1146752.txt	Альтаир
1146752.txt	Эль
1146752.txt	Габриэль
1146752.txt	Альтаир
1146752.txt	Эль
1146752.txt	Тварь
1146752.txt	Альтаира
1146752.txt	Ал
1146752.txt	Габриэля
1146752.txt	Габриэль
1146752.txt	Тишина
1146752.txt	Габриэля
1146752.txt	Альтаир
1146752.txt	Эль
1146752.txt	Альтаира
1146752.txt	Глупыш
1146752.txt	Ал
1146752.txt	Альтаиром
1146752.txt	Габриэлем
1146752.txt	Ал
1146752.txt	Эль
1146752.txt	Альтаир
1146752.txt	Дени
1146752.txt	Роджер
1146752.txt	Дениэль
1146752.txt	Роджер
1146752.txt	Ставлю
1146752.txt	Дениэль
1215850.txt	Muse
1215850.txt	Комендантша
1215850.txt	Нескафе
1215850.txt	МТС
1215850.txt	Владимир Александров
1215850.txt	Affiance
1215850.txt	ВКонтакте
1215850.txt	ID
1215850.txt	Сашка
1215850.txt	Гарью
1215850.txt	Сашку
1215850.txt	Don Abandons Alice
1215850.txt	Медлю
1215850.txt	мяв
1215850.txt	Нескафе
1215850.txt	чертову
1215850.txt	Acer
1215850.txt	Ich Will
1215850.txt	НИМ
1317327.txt	Марк
1317327.txt	Федором Ивановичем
1317327.txt	Федор Иванович
1317327.txt	блин
1317327.txt	Федор Иванович
1317327.txt	ещё мягкий
1317327.txt	Федора Ивановича
1317327.txt	Степанов
1317327.txt	Александр Викторович
1317327.txt	Декан
1317327.txt	Тишина
1317327.txt	Стон
1317327.txt	Ванна
1317327.txt	Александр Викторович
1317327.txt	декан
1317327.txt	жутко покраснев
1317327.txt	Федора Ивановича
1317327.txt	Саша
1317327.txt	Саша
1795965.txt	Алику
1795965.txt	Женя
1795965.txt	Жени
1795965.txt	Алик
1795965.txt	Игорь Махов
1795965.txt	Игорь
1795965.txt	Игорь
1795965.txt	Жени
1795965.txt	Игорь
1795965.txt	Игоря
1795965.txt	Игоря
1795965.txt	Игоря
1795965.txt	Игорь
1795965.txt	Мишка
1795965.txt	Миши
1795965.txt	Мишку
1795965.txt	Игоря
1795965.txt	Игорешу
1795965.txt	Игорь
1795965.txt	Миша
1795965.txt	Игоря
1795965.txt	Игорь
1795965.txt	альф
1795965.txt	Игоря
1795965.txt	Игорю
1795965.txt	Игоря
1795965.txt	Фух
1795965.txt	Игоря
1795965.txt	Игоря
1795965.txt	Игоря
1795965.txt	Альфа
1795965.txt	Игоря
1795965.txt	Игорем
1795965.txt	Игорь
1795965.txt	Блин
1795965.txt	Игоря
1795965.txt	Игоре
1795965.txt	Игорь
1795965.txt	Игорь
1795965.txt	Ням
1795965.txt	Игоря
1795965.txt	Игорь
1795965.txt	Игорь
1795965.txt	альфа
1795965.txt	Игорь
1795965.txt	Игорь
1795965.txt	Игоря
1795965.txt	Игоря
1795965.txt	Игорь
1795965.txt	Игорь
1795965.txt	Фух
1795965.txt	Игорь
1795965.txt	Стас
1872234.txt	Течка
1872234.txt	Lexus
1872234.txt	Лифт
1872234.txt	альф
1872234.txt	альфа
1872234.txt	Альфа
1872234.txt	Оттрахаю
1872234.txt	альфа
1872234.txt	Альфа
1872234.txt	Снимай
1872234.txt	Сукин
1872234.txt	Терпи
1872234.txt	альфа
1872234.txt	Собирая
1872234.txt	Сука
1872234.txt	альфа
2033058.txt	Чего
2033058.txt	Маугли
2033058.txt	Быстренько
2033058.txt	Блин
2033058.txt	Сосед
2033058.txt	Алекс
2033058.txt	Алекс
2033058.txt	Хм
2033058.txt	Алекс
2033058.txt	Тишина
2033058.txt	Сэм
2033058.txt	Сэм
2033058.txt	Половина
2033058.txt	Алексу
2033058.txt	Алексом
2033058.txt	Стань
2033058.txt	Алекс
2033058.txt	Лайла
2033058.txt	Алекс
2033058.txt	Согласен
2033058.txt	Алекса
2033058.txt	Переживу
2033058.txt	Лайла
2033058.txt	Алекс
2033058.txt	Алекс
2033058.txt	Майка
2033058.txt	Алексу
2033058.txt	Алекс
2033058.txt	Куколка
2033058.txt	Лайла
2033058.txt	Алекс
2033058.txt	Алекс
2033058.txt	Алекс
2033058.txt	Люблю
2033058.txt	Алекс
2033058.txt	Лайла
2033058.txt	Алекса
2033058.txt	Алекса
2033058.txt	Лина
2033058.txt	Лайл
2033058.txt	Ещё
2033058.txt	Алекс
2033058.txt	Лайл
2033058.txt	Сэм
2033058.txt	Сэм
2033058.txt	Лайл
2033058.txt	Алекс
2033058.txt	Алекса
2033058.txt	Ночами
2033058.txt	Алекс
2033058.txt	Эй
2033058.txt	Ромео
2033058.txt	Митчелл
2033058.txt	Алексом
2033058.txt	Джульетта
2033058.txt	Алекс
2033058.txt	Невила
2033058.txt	Чёрт
2033058.txt	Алекс
2033058.txt	Сука
2033058.txt	Сэм
2033058.txt	Алекс
2033058.txt	Сэм
2033058.txt	Алекс
2033058.txt	Алекс
2033058.txt	Сэм
2033058.txt	Ревну
2033058.txt	Отстань
2033058.txt	Сэм
2033058.txt	Алекс
2033058.txt	Алекса
2033058.txt	Сэм
2033058.txt	Алекса
2033058.txt	Алекс
2033058.txt	Сэмми
2033058.txt	Губы Алекса
2033058.txt	Алекса
2033058.txt	Алексу
2033058.txt	Алекс
2033058.txt	Алекса
2033058.txt	Секунда
2033058.txt	Алекса
2033058.txt	Пылаю
2033058.txt	Ещё
2033058.txt	Алекс
2033058.txt	Алекс
2033058.txt	Алекс
2033058.txt	Сэм
2033058.txt	Алекс
2033058.txt	Алекс
2033058.txt	Алекс
2033058.txt	Голова
2033058.txt	Алекс
2033058.txt	Любимый
2033058.txt	Сэмми
2033058.txt	Алекса
2033058.txt	Алекс
2033058.txt	Алекс
2033058.txt	Сэм
2033058.txt	Лайлы
2033058.txt	Найджелы
2033058.txt	Оливеры
2033058.txt	Алекса
2033058.txt	Алекса
2033058.txt	Алекс
2033058.txt	Ловлю
2097501317249.txt	Иринка
2097501317249.txt	Рудольф Валентинович
2097501317249.txt	Полина-малина
2097501317249.txt	Машка
2097501317249.txt	Колька
2097501317249.txt	Айда
2097501317249.txt	Виталик
2097501317249.txt	Маня
2097501317249.txt	Маша
2097501317249.txt	Лидой
2097501317249.txt	Стопудняк
2097501317249.txt	Сергуня
2097501317249.txt	Колюнчик
2097501317249.txt	Машки
2097501317249.txt	Котов
2097501317249.txt	Виталик
2097501317249.txt	Сергей
2097501317249.txt	Коле
2097501317249.txt	Виталий
2097501317249.txt	Иры
2097501317249.txt	Маши
2097501317249.txt	Ира
2097501317249.txt	Виталием
2097501317249.txt	Котову
2097501317249.txt	Маша
2097501317249.txt	Виталию
2097501317249.txt	Дача
2097501317249.txt	Коли
2097501317249.txt	Виталию
2097501317249.txt	Маша
2097501317249.txt	Сатурна
2097501317249.txt	Ребята
2097501317249.txt	Ира
2097501317249.txt	Машу
2097501317249.txt	Лида
2097501317249.txt	Лида
2097501317249.txt	Лид
2097501317249.txt	Виталий
2097501317249.txt	Котову
2097501317249.txt	Виталий
2097501317249.txt	Виталик
2097501317249.txt	Частенько Виталий
2097501317249.txt	Виталия
2097501317249.txt	Сережа
2097501317249.txt	Сергуня
2097501317249.txt	Виталий
2097501317249.txt	Сергеем
2097501317249.txt	Тетя Марина
2097501317249.txt	Виталия
2097501317249.txt	Виталия
2097501317249.txt	Виталик
2097501317249.txt	Котов
2097501317249.txt	Аборт
2097501317249.txt	Виталию
2097501317249.txt	Маша
2097501317249.txt	Виталий
2097501317249.txt	Сергей
2097501317249.txt	Сережи
2097501338240.txt	РЕКЛАМА
2097501338240.txt	Сергея
2097501338240.txt	Виталия
2097501338240.txt	Полина
2097501338240.txt	Лиду
2097501338240.txt	Виталик
2097501338240.txt	Виталию
2097501338240.txt	Полина
2097501338240.txt	Виталика
2097501338240.txt	Полина
2097501338240.txt	Полина
2097501338240.txt	Виталий
2097501338240.txt	Виталик
2097501338240.txt	Полина
2097501338240.txt	Полины
2097501338240.txt	Виталия
2097501338240.txt	Полина
2097501338240.txt	Витечка
2097501338240.txt	Сергее
2097501338240.txt	Сергея
2097501338240.txt	Витя
2097501338240.txt	Витю
2097501338240.txt	Дверца
2097501338240.txt	Сергей
2097501338240.txt	Сергуня никуда
2097501338240.txt	Полин
2097501338240.txt	Сережа
2097501338240.txt	Извини
2097501338240.txt	Полин
2097501338240.txt	Сережа
2097501338240.txt	Сереж
2097501338240.txt	Витю
2097501338240.txt	Сергею
2097501338240.txt	Вить
2097501338240.txt	Мама
2097501338240.txt	Полина
2097501338240.txt	Витя
2097501338240.txt	донесся
2097501338240.txt	Сергеем
2097501338240.txt	мама
2097501338240.txt	Виталий
2097501338240.txt	Витя
2097501338240.txt	Виталий
2097501338240.txt	Красная Хонда
2097501338240.txt	Сергей
2097501338240.txt	Сергей
2097501338240.txt	Сергуне
2097501351863.txt	РЕКЛАМА
2097501351863.txt	Ветрову
2097501351863.txt	Дэну
2097501351863.txt	Олегом
2097501351863.txt	Женя
2097501351863.txt	Лера
2097501351863.txt	Леонов
2097501351863.txt	Катей
2097501351863.txt	Женюльку
2097501351863.txt	Катя
2097501351863.txt	Катя
2097501351863.txt	Леонов
2097501351863.txt	Лера
2097501351863.txt	Женей
2097501351863.txt	Берто
2097501351863.txt	Лера
2097501351863.txt	Котов
2097501351863.txt	Маркизом
2097501351863.txt	Витенька
2097501351863.txt	Сергей
2097501351863.txt	Александр Сергеевич
2097501351863.txt	Алексей Николаевич
2097501351863.txt	донесся
2097501351863.txt	ФБР
2097501351863.txt	Сережей
2097501351863.txt	Питер
2097501351863.txt	Эрмитаж
2097501351863.txt	Питера
2097501351863.txt	Санкт-Петербург
2097501351863.txt	Женек
2097501351863.txt	Ветрова
2097501351863.txt	Олег
2097501351863.txt	Релинскому
2097501351863.txt	Маша-Даша
2097501351863.txt	Теть Аш
2097501351863.txt	Витя
2097501351863.txt	Аша
2097501351863.txt	Мария-Дарья
2097501351863.txt	Тимоша
2097501351863.txt	Тимофей
2097501351863.txt	Маша-Даша
2097501351863.txt	Витенька
2097501351863.txt	Витя
2097501351863.txt	Тимофею
2097501351863.txt	Неужели Тимофей
2097501351863.txt	Марк
2097501351863.txt	Тимошу
2097501351863.txt	Красильникова
2097501351863.txt	Золотце
2097501351863.txt	Тимофей
2097501351863.txt	Красильникова
2097501351863.txt	Береговой
2097501351863.txt	Тимофея
2097501351863.txt	Алкаш
2097501351863.txt	Вазгену
2097501351863.txt	Алкаша
2097501351863.txt	Котов
2097501351863.txt	Золотце
2097501351863.txt	Идой
2097501351863.txt	Извини
2097501351863.txt	Тимошу
2097501351863.txt	Маша-Даша
2097501364130.txt	РЕКЛАМА
2097501364130.txt	Тимофей
2097501364130.txt	Контакты
2097501364130.txt	Денис
2097501364130.txt	Женюлька
2097501364130.txt	Олегом
2097501364130.txt	Тимофей
2097501364130.txt	Денисе
2097501364130.txt	Ветров
2097501364130.txt	Олег
2097501364130.txt	Дэн
2097501364130.txt	Денисом
2097501364130.txt	Олегом
2097501364130.txt	Денис-Денис
2097501364130.txt	Женюлька
2097501364130.txt	Олег
2097501364130.txt	Котов
2097501364130.txt	Тимофея
2097501364130.txt	безмолвии
2097501364130.txt	Денис
2097501364130.txt	Ветров
2097501364130.txt	Ветров
2097501364130.txt	Котов
2097501364130.txt	Дэн
2097501364130.txt	Ветров
2097501364130.txt	Денис
2097501364130.txt	Ветров
2097501364130.txt	Денис
2097501364130.txt	Денис
2097501364130.txt	Тимоша
2097501364130.txt	Ветровым
2097501364130.txt	Дэну
2097501364130.txt	Ветров
2097501364130.txt	Дюша
2097501364130.txt	Денис
2097501364130.txt	Вася
2097501364130.txt	Денис
2097501364130.txt	Вить
2097501364130.txt	Ветров
2097501364130.txt	Денис
2097501364130.txt	Сергуня
2097501364130.txt	Тетя Маша-Даша
2097501364130.txt	Тимошу
2097501364130.txt	Ветров
2097501364130.txt	Дэн
2097501378870.txt	РЕКЛАМА
2097501378870.txt	Денисом
2097501378870.txt	Олегом
2097501378870.txt	Лера
2097501378870.txt	Женей
2097501378870.txt	Денис
2097501378870.txt	Олега
2097501378870.txt	Дорамиры Дмитриевны
2097501378870.txt	Релинский
2097501378870.txt	Олег
2097501378870.txt	Денис
2097501378870.txt	Олег
2097501378870.txt	Италию
2097501378870.txt	Олег
2097501378870.txt	Женьки
2097501378870.txt	Лерой
2097501378870.txt	Олег
2097501378870.txt	Релинским
2097501378870.txt	Олег
2097501378870.txt	Ветрова
2097501378870.txt	Релинский
2097501378870.txt	Дэн
2097501378870.txt	Олега
2097501378870.txt	Ветрову
2097501378870.txt	Дениса
2097501378870.txt	Полина
2097501378870.txt	Ветрова
2097501378870.txt	Полине
2097501378870.txt	Денису
2097501378870.txt	Дэн
2097501378870.txt	Ветровых
2097501378870.txt	Алина Васильевна
2097501378870.txt	Денисом
2097501378870.txt	Дениса
2097501378870.txt	Игорь
2097501378870.txt	Денис
2097501378870.txt	Ветрову
2097501378870.txt	Дэн
2097501378870.txt	Ветров
2097501378870.txt	Денис
2097501378870.txt	Дэн
2097501378870.txt	Дениса
2097501378870.txt	Денис
2097501378870.txt	Ветров
2097501378870.txt	Денис
2097501378870.txt	Дэн
2097501378870.txt	Ветров
2097501378870.txt	Дэн
2097501378870.txt	Денис
2097501378870.txt	Ветров
2097501378870.txt	Олегу
2097501378870.txt	Олегу
2097501378870.txt	Дэн
2097501378870.txt	Денис
2097501378870.txt	Ветров
2097501378870.txt	Денис
2097501378870.txt	Ветровым
2097501385275.txt	Олега
2097501385275.txt	Профитроли
2097501385275.txt	Якову Николаевичу
2097501385275.txt	Профитроли
2097501385275.txt	Кантарелла
2097501385275.txt	Релинский
2097501385275.txt	Олегу
2097501385275.txt	Официант
2097501385275.txt	Релинский
2097501385275.txt	Дениса
2097501385275.txt	Олега
2097501385275.txt	Италию
2097501385275.txt	Олег
2097501385275.txt	Олег
2097501385275.txt	Лиза
2097501385275.txt	Катарин
2097501385275.txt	Олегом
2097501385275.txt	Олег
2097501385275.txt	Олег
2097501385275.txt	Релинский
2097501385275.txt	Олег
2097501385275.txt	Олега
2097501385275.txt	Олег
2097501385275.txt	Релинский
2097501385275.txt	Олег
2097501385275.txt	Релинский
2097501385275.txt	Олег
2097501385275.txt	Релинский
2097501385275.txt	Олегом
2097501385275.txt	Олегом
2097501385275.txt	Релинский
2097501385275.txt	Олег
2097501385275.txt	Релинский
2097501385275.txt	Релинский
2097501385275.txt	Олег
2097501385275.txt	Олег
2097501385275.txt	Олега
2097501385275.txt	Релинский
2097501385275.txt	Олег
2097501385275.txt	Релинский
2097501385275.txt	Олег
2097501385275.txt	Господи
2097501385275.txt	Релинский
2097501385275.txt	Олегом
2097501385275.txt	Релинский
2097501385275.txt	Релинский
2097501385275.txt	Олег
2097501385275.txt	Олег
2097501385275.txt	Релинскому
2097501385275.txt	Олег
2097501385275.txt	Олег
2097501385275.txt	Олег
2097501385275.txt	Релинский
2097501385275.txt	Олег
2097501385275.txt	Релинский
2097501385275.txt	Олега
2097501385275.txt	Олега
2097501385275.txt	Релинский
2097501385275.txt	Олег
2097501385275.txt	Внизу
2097501385275.txt	Олег
2097501385275.txt	Релинского
2097501385275.txt	Олег
2097501385275.txt	Релинского
2097501396008.txt	РЕКЛАМА
2097501396008.txt	Денис
2097501396008.txt	Женя
2097501396008.txt	Лерой
2097501396008.txt	Олег
2097501396008.txt	Олег
2097501396008.txt	Олегу
2097501396008.txt	Ветрова
2097501396008.txt	Олега
2097501396008.txt	Сергея
2097501396008.txt	Олеге
2097501396008.txt	Релинский
2097501396008.txt	Олег
2097501396008.txt	Релинскому
2097501396008.txt	Черт
2097501396008.txt	Телефон
2097501396008.txt	Тамару Алексеевну
2097501396008.txt	Юля
2097501396008.txt	Катя
2097501396008.txt	Юлька
2097501396008.txt	Катюха такая нервная
2097501396008.txt	Юлей
2097501396008.txt	Дениса
2097501396008.txt	Олег
2097501396008.txt	Юля
2097501396008.txt	Тихомирыч
2097501396008.txt	Юлей
2097501396008.txt	Женюлька
2097501396008.txt	Леонов
2097501396008.txt	Катя
2097501396008.txt	Пф
2097501396008.txt	Женек
2097501396008.txt	Лера
2097501396008.txt	Катьки
2097501396008.txt	Леонова
2097501396008.txt	Лера
2097501396008.txt	Леру
2097501396008.txt	Олегом
2097501396008.txt	Берто
2097501396008.txt	Лера
2097501396008.txt	Берто
2097501396008.txt	Олега
2097501396008.txt	Олег
2097501396008.txt	Лера
2097501396008.txt	Денис
2097501396008.txt	Женей
2097501396008.txt	Берто
2097501396008.txt	Лера
2097501396008.txt	Берто
2097501396008.txt	Женя
2097501396008.txt	Женя
2097501396008.txt	Лера
2097501396008.txt	Берто
2097501396008.txt	Олегом
2097501396008.txt	Лера
2097501403140.txt	РЕКЛАМА
Прямо
2097501403140.txt	Лера
2097501403140.txt	Берто
2097501403140.txt	Витя
2097501403140.txt	Малыш
2097501403140.txt	Лера
2097501403140.txt	Коттедж
2097501403140.txt	Букингемский дворец
2097501403140.txt	Малыша
2097501403140.txt	Лерой
2097501403140.txt	Германа
2097501403140.txt	Берто
2097501403140.txt	Лерой
2097501403140.txt	Витя
2097501403140.txt	Герман
2097501403140.txt	Герман
2097501403140.txt	Виктор
2097501403140.txt	Регину
2097501403140.txt	Герман
2097501403140.txt	Лера
2097501403140.txt	Кристин
2097501403140.txt	Лера
2097501403140.txt	Виктора
2097501403140.txt	Кристина
2097501403140.txt	Лерой
2097501403140.txt	Берто
2097501403140.txt	Кристина
2097501403140.txt	Кристина
2097501403140.txt	Лера
2097501403140.txt	Лера
2097501403140.txt	Берто
2097501403140.txt	Лера
2097501403140.txt	Берто
2097501403140.txt	Лера
2097501403140.txt	Берто
2097501403140.txt	Лера
2097501403140.txt	Витя
2097501403140.txt	Лера
2097501403140.txt	Оливер Твист
2097501403140.txt	Лера
2097501403140.txt	Олегом
2097501403140.txt	Берто
2097501403140.txt	Лера
2097501403140.txt	Леру
2097501403140.txt	Бину
2097501403140.txt	Женя
2097501403140.txt	Лера
2097501403140.txt	Малыш
2097501403140.txt	Лера
2097501403140.txt	Лере
2097501403140.txt	Онью
2097501403140.txt	Корее
2097501403140.txt	Кореи
2097501403140.txt	Лера
2097501403140.txt	Дениса
2097501403140.txt	Кристина
2097501403140.txt	Аркадий Евгеньевич
2097501403140.txt	Лера
2097501403140.txt	Вите
2097501403140.txt	Берто
2097501403140.txt	Кристина
2097501403140.txt	Кристина
2097501403140.txt	Регина
2097501403140.txt	Комната
2097501403140.txt	Проверив
2097501403140.txt	Лера
2097501403140.txt	Берто
2097501403140.txt	Германа
2097501403140.txt	Кристину
2097501403140.txt	Лере
2097501403140.txt	Лера
2097501403140.txt	Лера
2097501403140.txt	Берто
2097501403140.txt	Леры
2097501403140.txt	Господи
2097501403140.txt	Лера
2097501427616.txt	Америку
2097501427616.txt	Леры
2097501427616.txt	Берто
2097501427616.txt	Лера
2097501427616.txt	Берто
2097501427616.txt	Хах
2097501427616.txt	Берто
2097501427616.txt	Валера
2097501427616.txt	Валерий Берто
2097501427616.txt	Валера
2097501427616.txt	Герман
2097501427616.txt	Регина
2097501427616.txt	Регину
2097501427616.txt	Лера
2097501427616.txt	Лерой
2097501427616.txt	Леры
2097501427616.txt	Олег
2097501427616.txt	Валеру
2097501427616.txt	Валера
2097501427616.txt	Валера
2097501427616.txt	Лерой
2097501427616.txt	Валерой
2097501427616.txt	Берто
2097501427616.txt	Валера
2097501427616.txt	Женя
2097501427616.txt	Берто
2097501427616.txt	мольбе
2097501427616.txt	Лера
2097501427616.txt	Валере
2097501427616.txt	Валера
2097501427616.txt	Женей
2097501427616.txt	Валера
2097501427616.txt	Берто
2097501427616.txt	Валера
2097501427616.txt	Денисом
2097501427616.txt	Валера
2097501427616.txt	Степан
2097501427616.txt	Берто
2097501427616.txt	Женьку
2097501427616.txt	Валеру
2097501427616.txt	Берто
2097501427616.txt	Жека
2097501427616.txt	Леонова
2097501427616.txt	Степан
2097501427616.txt	Леру
2097501427616.txt	Кхм
2097501427616.txt	Валеру
2097501427616.txt	Леры
2097501427616.txt	Лера
2097501427616.txt	Лера
2097501427616.txt	Хогвартса
2097501427616.txt	Гарри Поттеру
2097501449230.txt	РЕКЛАМА
2097501449230.txt	Дэн
2097501449230.txt	Витька
2097501449230.txt	Олегом
2097501449230.txt	Женьком
2097501449230.txt	Леры
2097501449230.txt	Дюша
2097501449230.txt	Олег
2097501449230.txt	Женька
2097501449230.txt	Лерой
2097501449230.txt	Денису
2097501449230.txt	Валеры
2097501449230.txt	Ветров
2097501449230.txt	Котов
2097501449230.txt	Дюша
2097501449230.txt	Денис
2097501449230.txt	Блин
2097501449230.txt	Ветров
2097501449230.txt	Денису
2097501449230.txt	Ветров
2097501449230.txt	Ладно
2097501449230.txt	Вероника
2097501449230.txt	Денисом
2097501449230.txt	Вероника
2097501449230.txt	Ветровым
2097501449230.txt	Денис
2097501449230.txt	Ветрова
2097501449230.txt	Денисом
2097501449230.txt	Сашей
2097501449230.txt	Ладно
2097501449230.txt	Валера
2097501449230.txt	Дениса
2097501449230.txt	Полиной
2097501449230.txt	Витя
2097501449230.txt	Олега
2097501449230.txt	Ветров
2097501449230.txt	Ветрову
2097501449230.txt	Ветров
2097501449230.txt	Витька
2097501449230.txt	Денис
2097501475465.txt	РЕКЛАМА
2097501475465.txt	Ветров
2097501475465.txt	Денис
2097501475465.txt	Дюша
2097501475465.txt	Дюша
2097501475465.txt	Ветров
2097501475465.txt	Дэна
2097501475465.txt	Дэн
2097501475465.txt	Ветров
2097501475465.txt	Дэн
2097501475465.txt	Ветров
2097501475465.txt	Януса
2097501475465.txt	Дэн
2097501475465.txt	Ветровым
2097501475465.txt	Милано
2097501475465.txt	Ветров
2097501475465.txt	Шварц
2097501475465.txt	Дэна
2097501475465.txt	Богу
2097501475465.txt	Ветров
2097501475465.txt	Ягуар
2097501475465.txt	выпиваем
2097501475465.txt	Денисом
2097501475465.txt	Олегом
2097501475465.txt	Дениса
2097501475465.txt	Ветров
2097501475465.txt	Денис
2097501475465.txt	Дэном
2097501475465.txt	Ветров
2097501475465.txt	Дэн
2097501475465.txt	Денису
2097501475465.txt	Ветров
2097501475465.txt	Денис
2097501475465.txt	Дэн
2097501475465.txt	Дэн
2097501475465.txt	Дениса
2097501475465.txt	Дэна
2097501475465.txt	Денис
2097501475465.txt	Ветрова
2097501475465.txt	Денис
2097501475465.txt	Дэн
2097501475465.txt	Денис
2097501475465.txt	Ветров
2097501475465.txt	Денис
2097501475465.txt	Ветров
2097501475465.txt	Мозг
2097501475465.txt	Денис
2097501475465.txt	губе напоследок
2097501475465.txt	Ветров
2097501475465.txt	Денисом
2097501475465.txt	Ветровым
2097501475465.txt	Денис
2097501475465.txt	Дэна
2097501475465.txt	Денис
2097501475465.txt	Денис
2097501475465.txt	Денис
2097501475465.txt	Дэн
2097501475465.txt	Ветровым
2097501475465.txt	Котов
2097501475465.txt	Денис
2097501475465.txt	Дэну
2097501475465.txt	Дэну
2097501475465.txt	Дэн
2097501475465.txt	Ветров
2097501475465.txt	Денис
2097501475465.txt	Ветров
2097501475465.txt	Ветров
2097501475465.txt	Денис
2097501475465.txt	Вить
2097501475465.txt	Денис
2097501475465.txt	Вить
2097501506467.txt	Денис
2097501506467.txt	Марса
2097501506467.txt	Я. Денис
2097501506467.txt	Ветров
2097501506467.txt	Ветров
2097501506467.txt	Ветров
2097501506467.txt	Ветров
2097501506467.txt	Дэн
2097501506467.txt	Сашей
2097501506467.txt	Умом
2097501506467.txt	Ветрову
2097501506467.txt	Олег
2097501506467.txt	Олег
2097501506467.txt	Тамара Алексеевна
2097501506467.txt	Блин
2097501506467.txt	Дэном
2097501506467.txt	Олег
2097501506467.txt	Релинский
2097501506467.txt	Олег
2097501506467.txt	Италии
2097501506467.txt	Релинский
2097501506467.txt	Релинский
2097501506467.txt	Олега
2097501506467.txt	Олег
2097501506467.txt	Олег
2097501506467.txt	ото сна
2097501506467.txt	Релинский
2097501506467.txt	Релинский
2097501506467.txt	Олегу
2097501506467.txt	Денис
2097501506467.txt	Ветров
2097501506467.txt	Ветрове
2097501506467.txt	Олегу
2097501506467.txt	Релинском
2097501506467.txt	ВДВ
2097501506467.txt	Дэна
2097501506467.txt	Квартира Котовых
2097501506467.txt	Берто
2097501506467.txt	Германа
2097501506467.txt	Валеры
2097501506467.txt	Господин Котов
2097501506467.txt	Регины
2097501506467.txt	Аркадия Евгеньевича
2097501506467.txt	Кристина
2097501506467.txt	Ваш
2097501506467.txt	Котов
2097501506467.txt	Степан
2097501506467.txt	Вами
2097501506467.txt	Валерой
2097501506467.txt	Германа
2097501506467.txt	Степан
2097501506467.txt	Женей
2097501506467.txt	Валера
2097501506467.txt	Леры
2097501506467.txt	Женюлька
2097501506467.txt	Валера
2097501506467.txt	Берто
2097501506467.txt	Германа
2097501506467.txt	Валере
2097501506467.txt	Герман
2097501506467.txt	Регина
2097501506467.txt	Герман Валентинович
2097501506467.txt	Регина Федоровна
2097501506467.txt	Регина
2097501506467.txt	Господи
2097501506467.txt	Регина Федоровна
2097501506467.txt	Котовым
2097501506467.txt	Герман Валентинович
2097501506467.txt	Регина
2097501506467.txt	Герман
2097501506467.txt	Степан
2097501506467.txt	Кристина
2097501506467.txt	Регина Федоровна
2097501506467.txt	Валерочкой
2097501506467.txt	Герман
2097501506467.txt	Витя
2097501539200.txt	РЕКЛАМА
2097501539200.txt	Герман
2097501539200.txt	Степаном
2097501539200.txt	Регину Федоровну
2097501539200.txt	Валер
2097501539200.txt	Регину Федоровну
2097501539200.txt	Сзади
2097501539200.txt	Герман Валентинович
2097501539200.txt	Кристина
2097501539200.txt	Регина
2097501539200.txt	Степан
2097501539200.txt	Герман
2097501539200.txt	Степан
2097501539200.txt	Валера
2097501539200.txt	Регина Федоровна
2097501539200.txt	Кристину
2097501539200.txt	Степана
2097501539200.txt	Валера
2097501539200.txt	Валера
2097501539200.txt	Берто
2097501539200.txt	Женя
2097501539200.txt	Валера
2097501539200.txt	Берто
2097501539200.txt	Валера
2097501539200.txt	Валера
2097501539200.txt	Валера
2097501539200.txt	Южную Корею
2097501539200.txt	Валера
2097501539200.txt	Берто
2097501539200.txt	Витька
2097501539200.txt	Земле
2097501539200.txt	Валеры
2097501539200.txt	Женей
2097501539200.txt	Валерой
2097501539200.txt	Денис
2097501539200.txt	Юля
2097501539200.txt	Леонова
2097501539200.txt	Ясно
2097501539200.txt	Юля
2097501539200.txt	Лера
2097501539200.txt	Олегом
2097501539200.txt	Денис
2097501539200.txt	Юля
2097501539200.txt	Денис
2097501539200.txt	Янус
2097501539200.txt	Колобкова
2097501539200.txt	Юля
2097501539200.txt	Женя
2097501539200.txt	Леонова
2097501539200.txt	Ветрова
2097501539200.txt	Укол
2097501539200.txt	Дэну
2097501539200.txt	Леоновым
2097501539200.txt	Лерой
2097501539200.txt	Женя
2097501539200.txt	Котов
2097501539200.txt	Леонов
2097501539200.txt	Женя
2097501539200.txt	Лере
2097501539200.txt	Катю
2097501539200.txt	Котов
2097501539200.txt	Леонов
2097501539200.txt	Леонова
2097501539200.txt	Женю
2097501539200.txt	Леонова
2097501539200.txt	Вить
2097501539200.txt	Юля
2097501539200.txt	Денис
2097501539200.txt	Леонова
2097501539200.txt	Женя
2097501539200.txt	Ветров
2097501539200.txt	Леонов
2097501539200.txt	Дэн
2097501539200.txt	Юлей
2097501583000.txt	Юля
2097501583000.txt	Денис
2097501583000.txt	Алину Васильевну
2097501583000.txt	Полину
2097501583000.txt	Полина
2097501583000.txt	Юля
2097501583000.txt	Денис
2097501583000.txt	Юль
2097501583000.txt	Денис
2097501583000.txt	Ветровым
2097501583000.txt	Юля
2097501583000.txt	Денис
2097501583000.txt	Ветрова
2097501583000.txt	Дэна
2097501583000.txt	Ветров
2097501583000.txt	Дениса
2097501583000.txt	Дениса
2097501583000.txt	Ветров
2097501583000.txt	Дэна
2097501583000.txt	Олега
2097501583000.txt	Алло
2097501583000.txt	Релинский
2097501583000.txt	Италии
2097501583000.txt	Олег
2097501583000.txt	Subway
2097501583000.txt	Subway
2097501583000.txt	Макдональдс
2097501583000.txt	Релинский
2097501583000.txt	Блины
2097501583000.txt	Блинов
2097501583000.txt	Олега
2097501583000.txt	Италию
2097501583000.txt	Олег
2097501583000.txt	Ивана Хариса
2097501583000.txt	Релинского
2097501583000.txt	Олега
2097501583000.txt	Релинского
2097501583000.txt	Марсель
2097501583000.txt	Марсель
2097501583000.txt	СНГ
2097501583000.txt	Галиной
2097501583000.txt	Марго
2097501583000.txt	Денисом
2097501583000.txt	Дэном
2097501583000.txt	Олегом
2097501583000.txt	Релинский
2097501583000.txt	Релинский
2097501583000.txt	Релинским
2097501583000.txt	Олег
2097501583000.txt	Релинский
2097501583000.txt	Гончаров
2097501583000.txt	Релинского
2097501583000.txt	Слушай
2097501583000.txt	Олег
2097501583000.txt	Релинский
2097501583000.txt	Олег
2097501583000.txt	Релинского
2097501583000.txt	Олег
2097501583000.txt	Вить
2097501583000.txt	Релинского
2097501583000.txt	Олег
2097501583000.txt	Релинского
2097501583000.txt	Маргарита
2097501583000.txt	Олег
2097501583000.txt	Марго
2097501583000.txt	Россию
2097501583000.txt	Олег
2097501583000.txt	Италии
2097501583000.txt	Олег
2097501583000.txt	Олег
2097501583000.txt	Релинский
2097501583000.txt	Котов
2097501583000.txt	Витя
2097501583000.txt	Релинский
2097501583000.txt	Олегу
2097501583000.txt	Олег
2097501583000.txt	Котов
2097501583000.txt	Сергею
2097501583000.txt	Релинского
2097501583000.txt	Релинским
2097501583000.txt	Олега
2097501583000.txt	Олег
2097501583000.txt	Валерой
2097501600897.txt	РЕКЛАМА
Солнце
2097501600897.txt	Небо
2097501600897.txt	Похолодало
2097501600897.txt	солнцу
2097501600897.txt	Тимура
2097501600897.txt	Дэн
2097501600897.txt	Ветров
2097501600897.txt	Дэн
2097501600897.txt	Релинским
2097501600897.txt	Олегом
2097501600897.txt	Дэн
2097501600897.txt	Ветров
2097501600897.txt	Денис
2097501600897.txt	Дэн
2097501600897.txt	Ветров
2097501600897.txt	Дэн
2097501600897.txt	Дениса
2097501600897.txt	Дюша
2097501600897.txt	Дэн
2097501600897.txt	Дюшу
2097501600897.txt	Ветров
2097501600897.txt	Денису
2097501600897.txt	Ветров
2097501600897.txt	Дэн
2097501600897.txt	Ветров
2097501600897.txt	Денис
2097501600897.txt	Черт
2097501600897.txt	Котов
2097501600897.txt	Дэн
2097501600897.txt	Вика
2097501600897.txt	Ветров
2097501600897.txt	Дюша
2097501600897.txt	Ветров
2097501600897.txt	Денис
2097501600897.txt	Сон
2097501600897.txt	Денис
2097501600897.txt	Разве
2097501600897.txt	Вике
2097501600897.txt	Ирина
2097501600897.txt	Анатолию
2097501600897.txt	Виталию
2097501600897.txt	Евгений
2097501600897.txt	Лере
2097501600897.txt	Дэн
2097501600897.txt	Ветров
2097501600897.txt	Денис
2097501600897.txt	Дэн
2097501600897.txt	Дэн
2097501600897.txt	Черт
2097501600897.txt	Ладони
2097501600897.txt	Ветров
2097501600897.txt	Блин
2097501600897.txt	Ветров
2097501600897.txt	Олегом
2097501600897.txt	Денис
2097501600897.txt	Дэн
2097501600897.txt	Денис
2097501600897.txt	Дэн
2097501600897.txt	Ветров
2097501600897.txt	Денис
2097501600897.txt	Ветров
2097501600897.txt	Дэн
2097501600897.txt	Денис
2097501600897.txt	Дэн
2097501600897.txt	Ветров
2097501600897.txt	Денис
2097501600897.txt	Ветров
2097501600897.txt	Дэн
2097501600897.txt	Витя
2097501600897.txt	Денис
2097501600897.txt	Легче
2097501600897.txt	Дэну
2097501600897.txt	Дениса
2097501600897.txt	Ветрову
2097501600897.txt	Дэн
2097501600897.txt	Денис
2097501600897.txt	Ладони Дэна
2097501600897.txt	Ветров
2097501600897.txt	Дэн
2097501600897.txt	Ветрова
2097501600897.txt	Дениса
2097501600897.txt	Дэн
2097501600897.txt	Ветрова
2097501600897.txt	Дениса
2097501600897.txt	Дэн
2097501600897.txt	Ветров
2097501600897.txt	Дениса
2097501600897.txt	Денис
2097501600897.txt	Ветров
2097501600897.txt	Денис
2097501600897.txt	Ветрова
2097501600897.txt	Дэн
2097501600897.txt	Дэн
2097501600897.txt	Дениса
2097501600897.txt	Челка
2097501600897.txt	Ветровым
2097501600897.txt	Дэн
2097501600897.txt	Дэн
2097501600897.txt	Дэн
2097501600897.txt	Денис
2097501600897.txt	Ветрова
2097501600897.txt	Легкая
2097501600950.txt	РЕКЛАМА
2097501600950.txt	Господи
2097501600950.txt	Господи
2097501600950.txt	Денисом
2097501600950.txt	Денисом
2097501600950.txt	глухая тишина
2097501600950.txt	звонко
2097501600950.txt	Черт
2097501600950.txt	Блять
2097501600950.txt	Ветрова
2097501600950.txt	Полинка
2097501600950.txt	Черт
2097501600950.txt	Денис
2097501600950.txt	Ветровых
2097501600950.txt	Ветров
2097501600950.txt	Любовь
2097501600950.txt	Хех
2097501601333.txt	Дениса
2097501601333.txt	Витю
2097501601333.txt	Судьба
2097501601333.txt	Котовым
2097501601333.txt	Юлю
2097501601333.txt	Диму
2097501601333.txt	Витя
2097501601333.txt	Витя
2097501601333.txt	Диманом Барковым
2097501601333.txt	Димкой росли
2097501601333.txt	Барковым
2097501601333.txt	Котов
2097501601333.txt	Диманом
2097501601333.txt	Баркове
2097501601333.txt	Димана
2097501601333.txt	Витя
2097501601333.txt	Барков
2097501601333.txt	Дорофеевым
2097501601333.txt	Котовым
2097501601333.txt	Витя
2097501601333.txt	Витя
2097501601333.txt	Котов
2097501601333.txt	Вите
2097501601333.txt	Витя
2097501601333.txt	Барковым
2097501601333.txt	Вити
2097501601333.txt	Диман
2097501601333.txt	Витей
2097501601333.txt	Котова
2097501601333.txt	Мозг
2097501601333.txt	Написана
2097501601333.txt	Котову
2097501601333.txt	Витя - мой
2097501601333.txt	Витю
2097501601333.txt	Котов
2097501601333.txt	Вика
2097501601333.txt	Витей
2097501601333.txt	Блять
2097501601333.txt	Витя
2097501601333.txt	Котов
2097501601333.txt	Дюша
2097501601333.txt	Витя
2097501601333.txt	Витя
2097501601333.txt	Котову
2097501601333.txt	Дюша
2097501601333.txt	Витю
2097501601333.txt	Котов
2097501601333.txt	Котова
2097501601333.txt	Витю
2097501601333.txt	Котов
2097501601333.txt	Сашей
2097501601333.txt	Сашей
2097501601333.txt	Колей
2097501601333.txt	Коля
2097501601333.txt	Вите
2097501601333.txt	Релинским
2097501601333.txt	Котовым ссоре
2097501601333.txt	Ветров
2097501601333.txt	Котовым
2097501601333.txt	Вите
2097501601333.txt	Котова
2097501601333.txt	Витька
2097501601333.txt	Вите
2097501601333.txt	Котов
2097501601333.txt	Витю
2097501615642.txt	РЕКЛАМА
POV Вити
2097501615642.txt	Сергуня
2097501615642.txt	Петергофа
2097501615642.txt	Сереж
2097501615642.txt	Сергей
2097501615642.txt	Сергей
2097501615642.txt	Сережу
2097501615642.txt	Сергей
2097501615642.txt	Сергуней
2097501615642.txt	Сергей
2097501615642.txt	Сергей
2097501615642.txt	Валера
2097501615642.txt	Берто
2097501615642.txt	Валера
2097501615642.txt	Олегом
2097501615642.txt	Валера
2097501615642.txt	Валера
2097501615642.txt	Валера
2097501615642.txt	Леонову
2097501615642.txt	Берто
2097501615642.txt	Евгения
2097501615642.txt	Леонов
2097501615642.txt	Валера
2097501615642.txt	Женя
2097501615642.txt	Валера
2097501615642.txt	Леонова
2097501615642.txt	Валера
2097501615642.txt	Витей Берто
2097501615642.txt	Надоело
2097501615642.txt	Валера
2097501615642.txt	Берто
2097501615642.txt	Анатолий Викторович
2097501615642.txt	Валеру
2097501615642.txt	Берто
2097501615642.txt	Олег
2097501615642.txt	Витей
2097501615642.txt	Анатолию Викторовичу
2097501615642.txt	Валера
2097501615642.txt	Анатолий Викторович
2097501615642.txt	Валеры
2097501615642.txt	Анатолий
2097501615642.txt	Валера
2097501615642.txt	Анатолий Викторович
2097501615642.txt	Валеру
2097501615642.txt	Берто
2097501615642.txt	Валера
2097501615642.txt	Анатолий Викторович
2097501615642.txt	Берто
2097501615642.txt	Валера
2097501615642.txt	Анатолия Викторовича
2097501615642.txt	Берто
2097501615642.txt	Валеру
2097501615642.txt	Берто
2097501615642.txt	Анатолий Викторович
2097501615642.txt	Валера
2097501615642.txt	Ирина
2097501615642.txt	Анатолий
2097501615642.txt	Валера
2097501615642.txt	Валера
2097501615642.txt	Анатолий Викторович
2097501615642.txt	Берто
2097501615642.txt	Анатолий Викторович
2097501615642.txt	Берто
2097501615642.txt	Анатолий
2097501615642.txt	Валеры
2097501615642.txt	Анатолий
2097501615642.txt	Тимур
2097501615642.txt	Валера
2097501615642.txt	Анатолия Викторовича
2097501615642.txt	Берто
2097501615642.txt	Анатолий Викторович
2097501615642.txt	Валера
2097501615642.txt	Валера
2097501615642.txt	Анатолий
2097501615642.txt	Валера
2097501615642.txt	Анатолий Викторович
2097501615642.txt	Валера
2097501615642.txt	Берто
2097501615642.txt	Валера
2097501615642.txt	Вашем кабинете
2097501615642.txt	Анатолий
2097501615642.txt	Валеру
2097501615642.txt	Валера
2097501615642.txt	Кайф
2097501615642.txt	Валеру
2097501615642.txt	Валера
2097501615642.txt	Анатолия Викторовича
2097501615642.txt	Валера
2097501615642.txt	Берто
2097501615642.txt	Берто
2097501615642.txt	Валеры
2097501615642.txt	Валера
2097501615642.txt	Анатолий Викторович
2097501615642.txt	Валера
2097501615642.txt	deutschе hurе
2097501615642.txt	Анатолий
2097501615642.txt	Валера
2097501615642.txt	Завуч
2097501615642.txt	Берто
2097501615642.txt	Анатолий
2097501615642.txt	Валера
2097501615642.txt	Валеру
2097501615642.txt	Валера
2097501615642.txt	Анатолия Викторовича
2097501615642.txt	Валера
2097501615642.txt	Валера
2097501615642.txt	Анатолия Викторовича
2097501615642.txt	Анатолий
2097501615642.txt	Валера
2097501615642.txt	Анатолий
2097501615642.txt	Валера
2097501615642.txt	Дурак
2097501615642.txt	Берто
2097501615642.txt	Анатолию Викторовичу
2097501615642.txt	Руки
2097501615642.txt	Анатолия
2097501615642.txt	Анатолий Викторович
2097501615642.txt	Валера
2097501615642.txt	Анатолия
2097501615642.txt	Берто
2097501615642.txt	Анатолий
2097501615642.txt	Анатолий Викторович
2097501615642.txt	Валеры
2097501615642.txt	Валера
2097501615642.txt	Анатолия
2097501615642.txt	Валера
2097501615642.txt	Анатолия
2097501615642.txt	Валера
2097501615642.txt	Берто
2097501615642.txt	Анатолия Викторовича
2097501615642.txt	Валера
2097501615642.txt	Валера
2097501615642.txt	Анатолию
2097501615642.txt	Берто
2097501615642.txt	Валеры
2097501615642.txt	Берто
2097501615642.txt	Анатолию
2097501615642.txt	Валера
2097501615642.txt	Анатолий Викторович
2097501615642.txt	Валера
2097501615642.txt	Анатолий Викторович
2097501696896.txt	РЕКЛАМА
POV Вити
2097501696896.txt	Дениса
2097501696896.txt	Денисом
2097501696896.txt	Ветрова
2097501696896.txt	Женя
2097501696896.txt	Леонов
2097501696896.txt	Олег
2097501696896.txt	Валерой
2097501696896.txt	Господи
2097501696896.txt	Леоновым
2097501696896.txt	Вике
2097501696896.txt	Олегом
2097501696896.txt	Валера
2097501696896.txt	Ветровым
2097501696896.txt	Денис
2097501696896.txt	Ага
2097501696896.txt	Котов
2097501696896.txt	Любви
2097501696896.txt	Юлька
2097501696896.txt	Женькой
2097501696896.txt	Леоновым
2097501696896.txt	Юля
2097501696896.txt	Денисом
2097501696896.txt	Юлю
2097501696896.txt	Лерой
2097501696896.txt	Юльки
2097501696896.txt	Валере
2097501696896.txt	Лере
2097501696896.txt	Юле
2097501696896.txt	Валеру
2097501696896.txt	Женькой
2097501696896.txt	Юль
2097501696896.txt	Юля
2097501696896.txt	Юля
2097501696896.txt	Леночка
2097501696896.txt	Леоновым
2097501696896.txt	Юля
2097501696896.txt	Юля
2097501696896.txt	Олега
2097501696896.txt	Дениса
2097501696896.txt	Дениса
2097501696896.txt	Юля
2097501696896.txt	Поговори
2097501696896.txt	Юля
2097501696896.txt	Колосова
2097501696896.txt	Юля
2097501696896.txt	Катей
2097501696896.txt	Юлей
2097501696896.txt	Колосова
2097501696896.txt	Юля
2097501696896.txt	Юля
2097501696896.txt	Дениса
2097501696896.txt	Денису
2097501696896.txt	Ветрове
2097501696896.txt	Денисом
2097501696896.txt	Ветровым
2097501696896.txt	Дьявол
2097501696896.txt	Ветровых
2097501696896.txt	Денис
2097501696896.txt	Денис
2097501696896.txt	Денис
2097501696896.txt	Сергуней
2097501696896.txt	Ветров
2097501740452.txt	Денис
2097501740452.txt	Ветрова
2097501740452.txt	Денис
2097501740452.txt	Черт
2097501740452.txt	Денис
2097501740452.txt	Ветров
2097501740452.txt	Ветров
2097501740452.txt	Денис
2097501740452.txt	Ветров
2097501740452.txt	Дениса
2097501740452.txt	Ветров
2097501740452.txt	Денису
2097501740452.txt	Ветров
2097501740452.txt	Извини
2097501740452.txt	Ветров
2097501740452.txt	Котяра
2097501740452.txt	Помню
2097501740452.txt	Дениса
2097501740452.txt	Денис
2097501740452.txt	Ветрова
2097501740452.txt	Котов
2097501740452.txt	Ветров
2097501740452.txt	Денис
2097501740452.txt	Денис
2097501740452.txt	Ветрова
2097501740452.txt	Денис
2097501740452.txt	Денис
2097501740452.txt	Денис
2097501740452.txt	Ветров
2097501740452.txt	Дениса
2097501740452.txt	Ветров
2097501740452.txt	Денис
2097501740452.txt	Дениса
2097501740452.txt	Ветров
2097501740452.txt	Олегом
2097501740452.txt	Денис
2097501740452.txt	Ветров
2097501740452.txt	Влюблен
2097501740452.txt	Денису
2097501740452.txt	Денисом
2097501740452.txt	Денис
2097501740452.txt	Ветров
2097501740452.txt	Москве
2097501740452.txt	Полиной
2097501740452.txt	Москва
2097501740452.txt	Любишь
2097501740452.txt	Ветров
2097501740452.txt	Дениса
2097501740452.txt	Ветров
2097501740452.txt	Ветрова
2097501740452.txt	Слышащего
2097501740452.txt	Редко
2097501740452.txt	Кошка
2097501740452.txt	Ида-Мери
2097501740452.txt	Маркиз
2097501740452.txt	Ида
2097501740452.txt	Ида-Мери
2097501792895.txt	Юля
2097501792895.txt	Юля
2097501792895.txt	Светлана
2097501792895.txt	Светы
2097501792895.txt	Юля
2097501792895.txt	Светлана
2097501792895.txt	Юля
2097501792895.txt	Вере
2097501792895.txt	Юля
2097501792895.txt	Веры
2097501792895.txt	Юля
2097501792895.txt	Юля
2097501792895.txt	Юля
2097501792895.txt	Светлана
2097501792895.txt	Юля
2097501792895.txt	Вере
2097501792895.txt	Юле
2097501792895.txt	Вера
2097501792895.txt	Юле
2097501792895.txt	Веры
2097501792895.txt	Светлана
2097501792895.txt	Вера
2097501792895.txt	Юля
2097501792895.txt	Вера
2097501792895.txt	Юля
2097501792895.txt	Светлана
2097501792895.txt	Свет
2097501792895.txt	Юля
2097501792895.txt	Юля
2097501792895.txt	Вера
2097501792895.txt	Вер
2097501792895.txt	Светлана
2097501792895.txt	Роман
2097501792895.txt	Пульхерию
2097501792895.txt	Вера
2097501792895.txt	Юля
2097501792895.txt	Юля
2097501792895.txt	Витя
2097501792895.txt	Юля
2097501792895.txt	Вера
2097501792895.txt	Юля
2097501792895.txt	Юля
2097501792895.txt	России
2097501792895.txt	Юле
2097501792895.txt	Вите
2097501792895.txt	Юля
2097501792895.txt	Полина
2097501792895.txt	Сергея
2097501792895.txt	Котов
2097501792895.txt	Сергей
2097501792895.txt	Виталии
2097501792895.txt	Сергей
2097501792895.txt	Виталия
2097501792895.txt	Полина
2097501792895.txt	Полин
2097501792895.txt	Сергей
2097501792895.txt	Сергей
2097501792895.txt	Полины
2097501792895.txt	Сергей
2097501792895.txt	Востоке
2097501792895.txt	Витя
2097501792895.txt	Сергей
2097501792895.txt	Полина
2097501792895.txt	Полина
2097501792895.txt	Полина
2097501792895.txt	Полина
2097501792895.txt	Витьку
2097501792895.txt	Виталия
2097501792895.txt	Полина
2097501792895.txt	Сергуни
2097501792895.txt	Прошепелявлю
2097501792895.txt	Создателя
2097501792895.txt	Валера
2097501792895.txt	Анатолий
2097501792895.txt	Бе
2097501792895.txt	Валера
2097501792895.txt	Берто
2097501792895.txt	Валера
2097501792895.txt	Анатолий Викторович
2097501792895.txt	Валера
2097501792895.txt	Анатолий Викторович
2097501792895.txt	Валера
2097501792895.txt	Берто
2097501792895.txt	Валера
2097501792895.txt	Берто
2097501792895.txt	Валера
2097501792895.txt	Анатолию
2097501792895.txt	Валера
2097501792895.txt	Берто
2097501792895.txt	Анатолий Викторович
2097501792895.txt	ПМС
2097501792895.txt	Берто
2097501792895.txt	Анатолию
2097501792895.txt	Валера
2097501792895.txt	Анатолий Викторович
2097501792895.txt	Толе
2097501792895.txt	Любовь Михайловна
2097501792895.txt	Валера
2097501792895.txt	Анатолия
2097501792895.txt	Толя
2097501792895.txt	Валера
2097501792895.txt	Берто
2097501792895.txt	Анатолий Викторович
2097501792895.txt	Анатолий
2097501792895.txt	Анатолию
2097501792895.txt	Анатолий Викторович
2097501792895.txt	Валера
2097501792895.txt	Анатолий
2097501792895.txt	Валера
2097501792895.txt	Анатолий Викторович
2097501792895.txt	Анатолий
2097501792895.txt	Валеры
2097501854254.txt	Котов
2097501854254.txt	Тамара Алексеевна
2097501854254.txt	Чертов
2097501854254.txt	Тамара Алексеевна
2097501854254.txt	Тамара Алексеевна
2097501854254.txt	Тамаре Алексеевне
2097501854254.txt	Тамара Алексеевна
2097501854254.txt	Зоя
2097501854254.txt	Витя
2097501854254.txt	Доре
2097501854254.txt	Котова
2097501854254.txt	Том
2097501854254.txt	Зоя Павловна
2097501854254.txt	Тамара Алексеевна
2097501854254.txt	Витя
2097501854254.txt	Зоя Павловна
2097501854254.txt	Зоя Павловна
2097501854254.txt	Игорю
2097501854254.txt	Зоя Павловна
2097501854254.txt	Дорамира Дмитриевна
2097501854254.txt	Зоя Павловна
2097501854254.txt	Зои Павловны
2097501854254.txt	Зои Павловны
2097501854254.txt	Котов
2097501854254.txt	Андрея Ивановича
2097501854254.txt	Викой
2097501854254.txt	Котов дурак
2097501854254.txt	Черт
2097501854254.txt	Котов
2097501854254.txt	Дюша
2097501854254.txt	Блин
2097501854254.txt	Лебедь
2097501854254.txt	Сергуня
2097501854254.txt	Котов
2097501854254.txt	Вить
2097501854254.txt	Вика
2097501854254.txt	Вика
2097501854254.txt	Денис
2097501854254.txt	Вика
2097501854254.txt	Размышляя
2097501854254.txt	Вика
2097501854254.txt	Дюши
2097501854254.txt	Женя
2097501854254.txt	Леонова
2097501854254.txt	Дэну
2097501854254.txt	Лолу
2097501854254.txt	Денисом
2097501854254.txt	Ветров
2097501854254.txt	О. Мой
2097501854254.txt	Денис
2097501854254.txt	Денис
2097501854254.txt	Москву
2097501854254.txt	Дениса
2097501854254.txt	Юлей
2097501854254.txt	Ветров
2097501854254.txt	Горло
2097501854254.txt	донесся
2097501854254.txt	Котова
2097501854254.txt	Витю
2097501854254.txt	Собакина
2097501854254.txt	Котов Виктор -
2097501854254.txt	Андрей Иванович
2097501854254.txt	Дюша
2097501854254.txt	Котов
2097501854254.txt	Дорофеев
2097501854254.txt	Надежда
2097501854254.txt	Денис
2097501854254.txt	Котовым
2097501854254.txt	Колосова
2097501854254.txt	Денис
2097501854254.txt	Дэн
2097501854254.txt	Ветров
2097501854254.txt	Денис
2097501854254.txt	Ветров
2097501854254.txt	Денис
2097501854254.txt	Ветров
2097501854254.txt	Денис
2097501854254.txt	Дениса
2097501854254.txt	Дэн
2097501854254.txt	Ветров
2097501854254.txt	Москву
2097501854254.txt	Питер
2097501854254.txt	Амстердам
2097501854254.txt	Дэна
2097501854254.txt	Ветров
2097501854254.txt	Дэн
2097501854254.txt	Денис
2097501854254.txt	Ветрова
2097501854254.txt	Денис
2097501854254.txt	Котов
2097501854254.txt	Дэн
2097501854254.txt	Край
2097501854254.txt	Витя
2097501854254.txt	Ветров
2097501854254.txt	Дениса
2097501854254.txt	Ветрова
2097501854254.txt	Витя
2097501854254.txt	Денис
2097501854254.txt	Денисом
2097501854254.txt	Ветрова
2097501854254.txt	Дэн
2097501854254.txt	Ветров
2097501854254.txt	Тамара Алексеевна
2097501854254.txt	Денисом
2097501854254.txt	Тамара Алексеевна
2097501854254.txt	Тамар Алексеевна
2097501854254.txt	Денис
2097501854254.txt	Ветров
2097501854254.txt	Котова
2097501854254.txt	Москву
2097501854254.txt	Тамара Алексеевна
2097501854254.txt	Денис
2097501854254.txt	Тамара Алексеевна
2097501854254.txt	Москву
2097501854254.txt	Надежда
2097501854254.txt	Витя
2097501854254.txt	Котов
2097501854254.txt	Тамара Алексеевна
2097501854254.txt	Алексей Иванович
2097501854254.txt	Вити
2097501854254.txt	Тамара Алексеевна
2097501854254.txt	Надежду Петровну
2097501854254.txt	Витя
2097501854254.txt	Полины Марковны
2097501854254.txt	Денис
2097501854254.txt	Витю
2097501854254.txt	Тамара Алексеевна
2097501854254.txt	Ветров
2097501854254.txt	Денисом
2097501854254.txt	Дэн
2097501854254.txt	Ветров
2097501854254.txt	Денис
2097501854254.txt	Денис
2097501854254.txt	Ветрова
2097501854254.txt	Денису
2097501854254.txt	Денису
2097501854254.txt	Витя
2097501854254.txt	Ветров
2097501854254.txt	Ида-Мери
2097501854254.txt	Дениса
2097501854254.txt	Дэна
2097501854254.txt	Полине
2097501854254.txt	Сергуней
2097501854254.txt	Ветров
2097501854254.txt	Дэна
2097501854254.txt	Денис
2097501854254.txt	Ветрова
2097501854254.txt	Дэна
2097501854254.txt	Ветров
2097501854254.txt	Дэн
2097501854254.txt	Ветров
2097501854254.txt	Дениса
2097501854254.txt	Черт
2097501854254.txt	Ветрову
2097501854254.txt	Дурачье
2097501854254.txt	Жалко
2097501854254.txt	Денис
2097501854254.txt	Ветров
2097501854254.txt	Денис
2097501854254.txt	Ветрову
2097501854254.txt	Дэн
2097501854254.txt	Ветрова
2097501854254.txt	Ладони Дениса
2097501854254.txt	Денис
2097501854254.txt	Ветров
2097501854254.txt	Дениса
2097501854254.txt	Ветров
2097501854254.txt	Ладони Дэна
2097501854254.txt	Денис
2097501854254.txt	Ветрова
2097501854254.txt	Дена
2097501854254.txt	Ветрова
2097501854254.txt	Дэна
2097501854254.txt	Ветрова
2097501854254.txt	Дэна
2097501854254.txt	Ветров
2097501854254.txt	Денис
2097501854254.txt	Ветров
2097501854254.txt	Денис
2097501854254.txt	Ветров
2097501854254.txt	Дениса
2097501854254.txt	Дэн
2097501854254.txt	Ветрова
2097501854254.txt	Денис
2097501854254.txt	Ветров
2097501854254.txt	Дэна
2097501854254.txt	Ветров
2097501854254.txt	Дени-и-ис
2097501854254.txt	Ветров
2097501854254.txt	Витя
2097501854254.txt	Денисом
2097501854254.txt	Дэн
2097501854254.txt	Сергей
2097501854254.txt	Ветрова
2097501854254.txt	Дэн
2097501854254.txt	Сергея
2097501854254.txt	Господи
2097501854254.txt	Витя
2097501854254.txt	Денису
2097501854254.txt	Полина Марковна
2097501854254.txt	Денис
2097501854254.txt	Сергей
2097501854254.txt	Денис
2097501854254.txt	Москву
2097501854254.txt	Ветрова
2097501854254.txt	Дэн
2097501854254.txt	Сергей
2097501854254.txt	Денис
2097501854254.txt	Денису
2097501854254.txt	Ветров
2097501854254.txt	Дениса
2097501854254.txt	Ветров
2097501854254.txt	Ветров
2097501854254.txt	Денис
2097501854254.txt	Боже
2097501854254.txt	Ветрову
2097501854254.txt	Дениса
2097501854254.txt	Ветров
2097501854254.txt	Смеясь
2097501854254.txt	Дэна
2097501854254.txt	Вить
2097501854254.txt	Сергуня
2097501854254.txt	Дениса
2097501854254.txt	Денис
2097501894078.txt	Rina
2097501894078.txt	Рури
2097501894078.txt	Фикбуке
2097501894078.txt	Вконтакте
2097501894078.txt	Черт
2097501894078.txt	Kuro
2214877.txt	РЕКЛАМА
2645037.txt	Олег
2645037.txt	Ника
2645037.txt	Ник
2645037.txt	Олег
2645037.txt	Ника
2645037.txt	Олег
2645037.txt	Олег
2645037.txt	Ник
2645037.txt	Олега
2645037.txt	Олега
2645037.txt	Ник
2645037.txt	Олег
2645037.txt	Нику
2645037.txt	Ник
2645037.txt	Ник
2645037.txt	Олег
2645037.txt	Ник
2645037.txt	Ника Олег
2645037.txt	Ник
2645037.txt	Олеге
2645037.txt	Олега
2645037.txt	Ником Олег
2645037.txt	Нику
2645037.txt	Олегу
2645037.txt	Олег
2645037.txt	Нику
2645037.txt	Москву
2645037.txt	Ник
2645037.txt	Олег
2645037.txt	Ник
2645037.txt	Олег
2645037.txt	Мальчишка
2645037.txt	Олег
2645037.txt	Олег
2645037.txt	Ник
2645037.txt	Олег
2645037.txt	Олег
2645037.txt	Ник
2645037.txt	Олег
2645037.txt	Олега
2645037.txt	Ник
2645037.txt	Олег
2645037.txt	Миха
2645037.txt	Андрей
2645037.txt	Олег
2645037.txt	Олег
2645037.txt	Олег
2645037.txt	Михи
2645037.txt	Олег
2645037.txt	Домой
2645037.txt	Олег
2645037.txt	Олег
2645037.txt	Олег
2645037.txt	Олег
2645037.txt	Олег
2645037.txt	Олег
2645037.txt	Ник
2645037.txt	Олег
2645037.txt	Олегом
2645037.txt	Ник
2645037.txt	Олег
2645037.txt	Ника
2645037.txt	Ник
2645037.txt	Олега
2645037.txt	Олег
2645037.txt	Ника
2645037.txt	Ник
2645037.txt	Олега
2645037.txt	Ник
2645037.txt	Олегу
2645037.txt	полыхнуло красным
2645037.txt	Олег
2645037.txt	Ник
2645037.txt	Олег
2645037.txt	Олега
2645037.txt	Ник
2645037.txt	Олег
2645037.txt	Олегу
2645037.txt	Ник
2645037.txt	Олег
2645037.txt	Ник
2645037.txt	Олег
2645037.txt	Ник
2645037.txt	Олег
2645037.txt	Ника
2645037.txt	Ника
2645037.txt	Ника
2645037.txt	Олегу
2645037.txt	Олег
2645037.txt	Ника
2645037.txt	Олег
2645037.txt	Ника
2645037.txt	Ник
2645037.txt	Ник
2645037.txt	Олег
2645037.txt	Ника
2645037.txt	Олег
2645037.txt	Ника
2645037.txt	Ник
2645037.txt	Олегу
2645037.txt	Ник
2645037.txt	Олегу
2645037.txt	Ник
2645037.txt	Олег
2645037.txt	Ник
2645037.txt	Олег
2645037.txt	Ника
2645037.txt	Ника
2645037.txt	Олегово
2645037.txt	Олега
2645037.txt	Нике
2645037.txt	Олег
2645037.txt	Ник
2645037.txt	Олег
2645037.txt	Ника
2645037.txt	Ник
2645037.txt	Олег
2645037.txt	Олег
2645037.txt	Ник
2645037.txt	Олег
2645037.txt	Ника
2645037.txt	Ника
2645037.txt	Олег
2645037.txt	Ника
2645037.txt	Олег
2645037.txt	Ник
2645037.txt	Олега
2645037.txt	Нику
2645037.txt	Ника
2645037.txt	Ник
2645037.txt	Олег
2645037.txt	Олег
2645037.txt	Ник
3339194.txt	Так
3339194.txt	Санчо
3339194.txt	Нет
3339194.txt	Пашка
3339194.txt	бульвара
3339194.txt	Сегодня
3339194.txt	Артур
3339194.txt	Никита
3339194.txt	Дон Жуана
3339194.txt	Ладно
3339194.txt	Пашка
3339194.txt	Артур
3339194.txt	Подберем
3339194.txt	Артура
3339194.txt	Гуччи
3339194.txt	Артура
3339194.txt	Пашка
3339194.txt	Чего
3339194.txt	Комплексуешь
3339194.txt	Паша
3339194.txt	Пашки
3339194.txt	Санчо
3339194.txt	Артур
3339194.txt	Ага
3339194.txt	Никита
3339194.txt	Ник
3339194.txt	Артур
3339194.txt	альфам бе-е-ез омег
3339194.txt	Бони
3339194.txt	Артуровой
3339194.txt	Рядом
3339194.txt	Ах
3339194.txt	Всегда
3339194.txt	Пашки
3339194.txt	Пашка Гриднев
3339194.txt	Кэп
3339194.txt	Кэпа
3339194.txt	Пашкой
3339194.txt	ВКонтакте
3339194.txt	Кэпом
3339194.txt	Пашка
3339194.txt	ВУЗ
3339194.txt	Пашка
3339194.txt	Кэпом
3339194.txt	Санчо
3339194.txt	Пашке
3339194.txt	Пашка
3339194.txt	Артуром
3339194.txt	Никитой
3339194.txt	Александр Кулагин
3339194.txt	Санчо
3339194.txt	Пашку
3339194.txt	Санчо
3339194.txt	Артур
3339194.txt	Кэп
3339194.txt	Стоп
3339194.txt	Санчо
3339194.txt	Санчо
3339194.txt	Артур
3339194.txt	Только
3339194.txt	Арти
3339194.txt	Ник
3339194.txt	Помни
3339194.txt	Ник
3339194.txt	Арти
3339194.txt	Если Санчо
3339194.txt	тонко
3339194.txt	Паш
3339194.txt	Артур
3339194.txt	Пашка
3339194.txt	Пашка
3339194.txt	Пашка
3339194.txt	Паша
3339194.txt	нирвану
3339194.txt	Пашки
3339194.txt	Артура
3339194.txt	Ника
3339194.txt	Санчо
3339194.txt	Ник
3339194.txt	Спорили
3339194.txt	Тушку Ника
3339194.txt	Арти
3339194.txt	Пашка
3339194.txt	Артуру
3339194.txt	Пашки
3339194.txt	Ну
3339194.txt	Санчо
3339194.txt	Пашку
3339194.txt	Артур
3339194.txt	Санчо
3339194.txt	Иди
3339194.txt	Арти
3339194.txt	Пашка
3339194.txt	Ну
3339194.txt	Мозг
3339194.txt	Язык
3339194.txt	Снял
3339194.txt	Пашка
3339194.txt	Морфея
3339194.txt	Пашка
3339194.txt	Пустишь
3339194.txt	Нет
3339194.txt	Ясно
3339194.txt	Паша
3339194.txt	Кэп
3339194.txt	Пусти
3339194.txt	Пашку
3339194.txt	Пашка
3339194.txt	Санчо
3339194.txt	Ты
3339194.txt	Да
3339194.txt	Пашка
3339194.txt	Ну
3339194.txt	Глаза Пашки
3339194.txt	Иди
3339194.txt	Нехрен
3339194.txt	Пашку
3339194.txt	Пашку
3339194.txt	Давно
3339194.txt	Саня
3339194.txt	Саня
3339194.txt	Кэп
3339194.txt	Будь
3339194.txt	Пашка
3339194.txt	Тачку
3339194.txt	Бери
3339194.txt	Кэп
3339194.txt	Ты
3339194.txt	Совсем
3339194.txt	Кэпа
3339194.txt	Пашки
3339194.txt	Слушай
3339194.txt	Пашка
3339194.txt	Ник
3339194.txt	Ты
3339194.txt	Да
3339194.txt	Странно
3339194.txt	Санчо
3339194.txt	Послушай
3339194.txt	Ник
3339194.txt	Санчо
3339194.txt	Пашка
3339194.txt	Ник
3339194.txt	Арти
3339194.txt	Резонно
3339194.txt	Вечерело
3339194.txt	Пашку
3339194.txt	Саня
3339194.txt	Нет
3339194.txt	Пашкин
3339194.txt	Пашка
3339194.txt	Петя Зимин
3339194.txt	Пашка
3339194.txt	Пашка
3339194.txt	Пашка
3339194.txt	Сволочь
3339194.txt	Пашкин
3339194.txt	Кэпом
3339194.txt	Санчо
3339194.txt	Петя
3339194.txt	Ты
3339194.txt	Пашке
3339194.txt	Пашке
3339194.txt	Артур
3339194.txt	Паше
3339194.txt	Ник
3339194.txt	Пашке
3339194.txt	Пашка
3339194.txt	Пашка
3339194.txt	Тут
3339194.txt	Зато Артур
3339194.txt	Ник
3339194.txt	Кэпа
3339194.txt	Ник
3339194.txt	Арти
3339194.txt	Пашка
3339194.txt	Ты
3339194.txt	Па-а-аш
3339194.txt	Артур
3339194.txt	Ника
3339194.txt	Павел
3339194.txt	Ник
3339194.txt	Кэп
3339194.txt	Вытолкав Ника
3339194.txt	Арти
3339194.txt	Паша
3339194.txt	Санечка
3339194.txt	Кэпу
3339194.txt	Паша
3339194.txt	Паши
3339194.txt	Пашки
3339194.txt	Пашка
3339194.txt	Больше
3339194.txt	Стоны
3339194.txt	Паша
3339194.txt	Паша-а-а
3339194.txt	Тебе
3339194.txt	Паша
3339194.txt	Пашка
3339194.txt	Пашка
3339194.txt	Люблю
3339194.txt	Пашкина
3339194.txt	Кэпом
3339194.txt	Потерпи
3339194.txt	Кэп
3339194.txt	Пашка
3339194.txt	Пашки
3339194.txt	Честно
3339194.txt	Санчо
3339194.txt	Штирлиц
3339194.txt	Кэп
3339194.txt	Санечка
3339194.txt	Хочешь
3339194.txt	Лучше
3339194.txt	Кэп
3339194.txt	Пашкой
3339194.txt	Пашка
3339194.txt	Тебе
3339194.txt	Паша
3339194.txt	И
3339194.txt	Альфа
3339194.txt	Ты
3339194.txt	Кэп
3339194.txt	Нет
3339194.txt	Паша
3339194.txt	Пашки
3339194.txt	Кэп
3339194.txt	Пашка
3339194.txt	Кэп
3339194.txt	альфа
3339194.txt	Немедленно
3339194.txt	Ты
3339194.txt	Кэп
3339194.txt	Пашка
3339194.txt	Ответь
3339194.txt	Паша
3339194.txt	Кэп
3339194.txt	Сыночек
3339194.txt	Александр
3339194.txt	Включи
3339194.txt	Митя
3339194.txt	Сынок
3339194.txt	Паши
3339194.txt	Мальчик
3339194.txt	Угу
3339194.txt	Александр
3339194.txt	Кэп
3339194.txt	Сашенька
3339194.txt	Пашкой
3339194.txt	Извини
3339194.txt	Паша
3339194.txt	Санчо
3339194.txt	Ненавижу
3339194.txt	Пашкой
3339194.txt	Кэп
3339194.txt	Кэп
3339194.txt	Мобильник Кэпа
3339194.txt	Ник
3339194.txt	Санчо
3339194.txt	Арти
3339194.txt	Вопль Ника
3339194.txt	Артура
3339194.txt	Здравствуй
3339194.txt	Санчо
3339194.txt	Арти
3339194.txt	Надеюсь
3339194.txt	Павел
3339194.txt	Ника
3339194.txt	Арти
3339194.txt	Артур
3339194.txt	Ника
3339194.txt	Хохот Ника
3339194.txt	Эй
3339194.txt	Артур
3339194.txt	Паше
3339194.txt	Блин
3339194.txt	Петя
3339194.txt	Привет
3339194.txt	Санчо
3339194.txt	Петьку
3339194.txt	Кэпом
3339194.txt	Пашу
3339194.txt	Ник
3339194.txt	Артур
3339194.txt	Пашка
3339194.txt	Блин
3339194.txt	Петя
3339194.txt	Нет
3339194.txt	Петя
3339194.txt	Посоветоваться
3339194.txt	Пашка
3339194.txt	Уверен
3339194.txt	Думаешь
3339194.txt	Петя
3339194.txt	Пашка
3339194.txt	Пашка
3339194.txt	Кэп
3339194.txt	Чтоб
3339194.txt	Кэпу
3339194.txt	Пашка
3339194.txt	Знаешь
3339194.txt	Кэп
3339194.txt	Ника
3339194.txt	Арти
3339194.txt	Паша
3339653.txt	Мальчишка
3339653.txt	Легионом Призраков
3339653.txt	Страха
3339653.txt	Легионе Призраков
3339653.txt	Император
3339653.txt	Легиона
3339653.txt	Война
3339653.txt	Чистая
3339653.txt	Луи
3339653.txt	Луи
3339653.txt	Отродье
3339653.txt	Луи
3339653.txt	Луи
3339653.txt	Луи
3339653.txt	Луи
3339653.txt	Луи
3339653.txt	Луи
3339653.txt	Луи
3339653.txt	Луи
3339653.txt	Луи
3339653.txt	Кончи
3339653.txt	Луи
477291.txt	Любимый
477291.txt	Алло
477291.txt	Ой
477291.txt	Дэня
477291.txt	Малыш
477291.txt	Рад
477291.txt	Соскучился
477291.txt	Тише
477291.txt	Ну
477291.txt	Совсем
477291.txt	Скажи
477291.txt	Дурак
477291.txt	Ну
477291.txt	Денис
477291.txt	Сынок
477291.txt	Ну
477291.txt	Денис
477291.txt	Ну
477291.txt	Ой
477291.txt	Мам
477291.txt	Все
477291.txt	Ну
477291.txt	Стёп
477291.txt	Ну
477291.txt	Пасс
477291.txt	Ещё
477291.txt	Денис
477291.txt	Де
544883.txt	Саша
544883.txt	Саши
544883.txt	Сашенька
544883.txt	Саша
544883.txt	Арсений -
544883.txt	Благо
544883.txt	Саши
544883.txt	Мистер Наблюдательность
544883.txt	Сашу
544883.txt	Саша
544883.txt	альф
544883.txt	Сашки
544883.txt	Сашин
544883.txt	Саша
544883.txt	Макс
544883.txt	Саша
544883.txt	Богу
544883.txt	Благо
544883.txt	Саша
544883.txt	Саше
544883.txt	Сеня
544883.txt	Макс
544883.txt	Сенька
544883.txt	Горилле
544883.txt	Саша
544883.txt	Арсений
711313.txt	Стив
711313.txt	Стив
711313.txt	Стив
711313.txt	Стива
711313.txt	Стив
711313.txt	Стива
711313.txt	Ремом
711313.txt	Стива
711313.txt	Рема
711313.txt	Рем
711313.txt	Рем
711313.txt	Рем
711313.txt	Рема
711313.txt	Рема
711313.txt	Стиву Рема
711313.txt	Рема
711313.txt	Сивый
711313.txt	Стиву
711313.txt	Стив
711313.txt	Сивый
711313.txt	Рема
711313.txt	Рем
711313.txt	Рем
711313.txt	Стива
711313.txt	Стив
711313.txt	Стив
711313.txt	Рема
711313.txt	Стив
711313.txt	Стив
711313.txt	Рема
711313.txt	Стива
711313.txt	Стив
711313.txt	Рема
711313.txt	Стив
711313.txt	Стив
711313.txt	Рем
711313.txt	Стив
711313.txt	Сивый
711313.txt	Стив
711313.txt	Рем
711313.txt	Стива
711313.txt	Стив
711313.txt	Рему
711313.txt	Рем
711313.txt	Кошка
711313.txt	Стив
711313.txt	Стив
711313.txt	Рем
711313.txt	Котам
711313.txt	Стив
711313.txt	Людям
711313.txt	Стив
711313.txt	Ремом
711313.txt	Стив
711313.txt	Быдло
711313.txt	Рем
711313.txt	Сивый
711313.txt	Стив
711313.txt	Рему
711313.txt	Стив
711313.txt	Стив
711313.txt	Ремом
711313.txt	Стив
711313.txt	Стив
711313.txt	Стив
711313.txt	Стива
711313.txt	Рем
711313.txt	Стив
711313.txt	Рема
711313.txt	Стив
711313.txt	Ремом
711313.txt	Стива
711313.txt	Стив
711313.txt	Стив
711313.txt	Сивый
711313.txt	Рему
711313.txt	Стив
711313.txt	Рема
711313.txt	Сдурел
711313.txt	Твой
711313.txt	Стив
711313.txt	Стив
711313.txt	Стив
711313.txt	Рема
711313.txt	Стива
711313.txt	Стив
711313.txt	Рем
711313.txt	Разве
711313.txt	Бросил
711313.txt	Стив
711313.txt	Рем
711313.txt	Стива
711313.txt	Рем
711313.txt	Стив
711313.txt	Рем
711313.txt	Стив
711313.txt	Рем
711313.txt	Стив
711313.txt	Рема
711313.txt	Стив
711313.txt	Стива
711313.txt	Стив
711313.txt	Стива
711313.txt	Стив
711313.txt	Извини
711313.txt	Рема
711313.txt	Стива
711313.txt	Сивого
711313.txt	Стив
711313.txt	Реме
711313.txt	Стива
711313.txt	Стив
711313.txt	Рем
711313.txt	Стив
711313.txt	Стив
711313.txt	Стив
711313.txt	Зол
711313.txt	Рема
711313.txt	Стив
711313.txt	Рема
711313.txt	улыбку счастья
711313.txt	Стив
711313.txt	Рему
711313.txt	Стива
711313.txt	Стив
711313.txt	Рему
711313.txt	Рем
711313.txt	Стив
711313.txt	Сивого
711313.txt	Стиву
711313.txt	Стив
711313.txt	Рема
711313.txt	Стива
711313.txt	Рем
711313.txt	Стив
711313.txt	Стив
711313.txt	Стив
711313.txt	Стив
711313.txt	Реме
711313.txt	Стиву
711313.txt	никотине
711313.txt	Здорово
711313.txt	Рем
711313.txt	Стива
711313.txt	Ага
711313.txt	Стив
711313.txt	Рем
711313.txt	Стива
711313.txt	Сивого
711313.txt	Стив
711313.txt	Стива
711313.txt	Рем
711313.txt	Стив
711313.txt	Рема
711313.txt	Стив
711313.txt	Рем
711313.txt	Стив
711313.txt	Рема
711313.txt	Стив
711313.txt	Рема
711313.txt	Ненавижу-ненавижу-ненавижу
711313.txt	Стив
711313.txt	Рема
711313.txt	Стив
711313.txt	Рема
711313.txt	Стив
711313.txt	Стив
711313.txt	Рема
711313.txt	Стив
711313.txt	Рем
711313.txt	Стив
711313.txt	Рема
711313.txt	Стива
711313.txt	Рем
711313.txt	Стива
711313.txt	Рем
711313.txt	Сивый
711313.txt	Стив
711313.txt	Рем
711313.txt	Стив
711313.txt	Стив
711313.txt	Рем
711313.txt	Рем
711313.txt	Сивый
711313.txt	Стив
711313.txt	Стив
711313.txt	Рем
711313.txt	Сивый
711313.txt	Пф
711313.txt	Стив
711313.txt	Рем
711313.txt	Молокосос
711313.txt	Стив
711313.txt	Реме
711313.txt	Рем Стива
711313.txt	Рем
711313.txt	Стив
711313.txt	Хрена
711313.txt	Рем
711313.txt	Стив
711313.txt	Рем
711313.txt	Стиву
711313.txt	манёвр брюнета
711313.txt	Рем
711313.txt	Стив
711313.txt	Рем
711313.txt	Ага
711313.txt	Рему
711313.txt	Стиву
711313.txt	Рем
711313.txt	Рем
711313.txt	Стив
711313.txt	Рем
711313.txt	Стив
711313.txt	Рема
711313.txt	Стив
711313.txt	Стива
711313.txt	Смотрю
711313.txt	Рем
711313.txt	Стиву
711313.txt	Хрена
711313.txt	Рема
711313.txt	Стива
711313.txt	Рем
711313.txt	Стив
711313.txt	Рем
711313.txt	Стива
711313.txt	Стив
711313.txt	Рема
711313.txt	Стив
711313.txt	Рем
711313.txt	Стив
711313.txt	Ах
711313.txt	Стив
711313.txt	Рем
711313.txt	Стив
711313.txt	Рем
711313.txt	Стив
711313.txt	Рем
711313.txt	Рем
711313.txt	Стив
711313.txt	Стива Рем
711313.txt	Рем
711313.txt	Стив
711313.txt	Стив
711313.txt	Круто
711313.txt	Стив
711313.txt	Кино
711313.txt	Рем
711313.txt	Стиву
711313.txt	Сивый
711313.txt	Рем
711313.txt	Стива
711313.txt	Рем
711313.txt	Стиву
711313.txt	Стив
711313.txt	Рем
711313.txt	Стива
711313.txt	Рем
711313.txt	Стива
711313.txt	Рем
711313.txt	Рема
711313.txt	Стив
711313.txt	Рема
711313.txt	Стив
711313.txt	Рем
711313.txt	Стива
711313.txt	Стив
711313.txt	Стив
711313.txt	Парнем
711313.txt	Рем
711313.txt	Стива
711313.txt	Твоем
711313.txt	Стиву
711313.txt	Стива
711313.txt	Ах
711313.txt	Стив
711313.txt	Рем
711313.txt	Стивом
711313.txt	Стив
711313.txt	Рем
711313.txt	Стиву
711313.txt	Стива
711313.txt	Стив
711313.txt	Рему
711313.txt	Рем
711313.txt	Стив
711313.txt	Стива
711313.txt	Рем
711313.txt	Рем
711313.txt	Стива
711313.txt	Рем
711313.txt	Стив
711313.txt	Рема
711313.txt	Рем
711313.txt	Мануалы
711313.txt	Рем
711313.txt	Стива
711313.txt	Стив
711313.txt	Рем
711313.txt	Сивого
711313.txt	Стив
711313.txt	Рем
711313.txt	Стива
711313.txt	Рему
711313.txt	Стива
711313.txt	Рема
711313.txt	Рем
711313.txt	Стива
711313.txt	Рем
711313.txt	Стива
711313.txt	Садюга
711313.txt	Стив
711313.txt	Рем
711313.txt	Рем
711313.txt	Эй
711313.txt	Рем
711313.txt	Стива
711313.txt	Стив
711313.txt	Стив
711313.txt	Рема
711313.txt	Рем
711313.txt	Стив
711313.txt	Стива
711313.txt	Сивый
711313.txt	Рем
711313.txt	Рем
711313.txt	Рема
711313.txt	Рема
711313.txt	Стив
711313.txt	Рем
711313.txt	Стива
711313.txt	Ага
711313.txt	Рем
711313.txt	Стиву
711313.txt	Стива
711313.txt	Рем
711313.txt	Рем
711313.txt	Стива
711313.txt	Мфх-х-х-х-х-х-х-х
711313.txt	Стив
711313.txt	Рема
711313.txt	Рем
711313.txt	Стива
711313.txt	Рема
711313.txt	Рема
711313.txt	Сивый
711313.txt	Рем
711313.txt	Стива
711313.txt	Рем
711313.txt	Стивом
711313.txt	Сивый
711313.txt	Рем
711313.txt	Стив
711313.txt	Рема
711313.txt	Стива
711313.txt	Стив
711313.txt	Рема
711313.txt	Рема
711313.txt	Стив
711313.txt	Стив
711313.txt	Рем
711313.txt	Сука
711313.txt	Тра
711313.txt	Рем
711313.txt	Картина Репина
711313.txt	Стив
711313.txt	Рема
711313.txt	Сивый
711313.txt	Рема
711313.txt	Стив
711313.txt	Рем
711313.txt	Стивом
711313.txt	Стива
711313.txt	Помедленней
711313.txt	Че
711313.txt	Самолюбие
711313.txt	Круто
711313.txt	Рем
711313.txt	Стива
711313.txt	Че
711313.txt	Хуй
711313.txt	Стив
711313.txt	Рем
711313.txt	Стив
711313.txt	Сивый
711313.txt	Стива
711313.txt	Рем
711313.txt	Стив
711313.txt	Рема
711313.txt	Намного
711313.txt	Рем
711313.txt	Стив
711313.txt	Рема
711313.txt	Стив
711313.txt	Рем
711313.txt	Стив
711313.txt	Рембо
711313.txt	Ох
711313.txt	Стив
711313.txt	Стив
711313.txt	Зачем
711313.txt	Рем
711313.txt	Стив
711313.txt	Гога
711313.txt	Гога
711313.txt	Вега
711313.txt	Рем
711313.txt	Стив
711313.txt	Рему
711313.txt	Стив
711313.txt	Рем
711313.txt	Нихуя
711313.txt	Стив
711313.txt	Сынок
711313.txt	Маман
711313.txt	Стив
711313.txt	Стив
711313.txt	Стив
711313.txt	Стив
711313.txt	Рем
711313.txt	Стив
711313.txt	убью
711313.txt	Ах
711313.txt	Мам
711313.txt	Рем
711313.txt	Стивом
8673132661456.txt	Обстановка
8673132661456.txt	Мирта
8673132661456.txt	Грэга
8673132661456.txt	Грэг
8673132661456.txt	Грэг
8673132661456.txt	Мирт
8673132661456.txt	Димет
8673132661456.txt	Грэг
8673132661456.txt	Мирта
8673132661456.txt	Мирта
8673132661456.txt	Грэга
8673132661456.txt	Грэга
8673132661456.txt	Мирт
8673132661948.txt	Алан
8673132661948.txt	Сижу
8673132661948.txt	Дика
8673132661948.txt	СМИ
8673132661948.txt	Экзамен
8673132661948.txt	Мысли
8673132661948.txt	Омежка
8673132661948.txt	Ад
8673132663138.txt	Димет
8673132663138.txt	устроив поножовщину
8673132663138.txt	Рик
8673132663138.txt	Махнув
8673132663138.txt	Рик
8673132663138.txt	Стоило
8673132663138.txt	Рик
8673132663138.txt	Рик
8673132663138.txt	Рику
8673132663138.txt	Рик
8673132663138.txt	Рик
8673132663138.txt	Риком
8673132663138.txt	Ад
8673132664864.txt	РЕКЛАМА
8673132664864.txt	Войдя
8673132664864.txt	Димета
8673132664864.txt	Алан
8673132664864.txt	Мирт
8673132664864.txt	солнца
8673132664864.txt	Мирт
8673132664864.txt	Мирт
8673132664864.txt	Мирт
8673132664864.txt	Передо
8673132664864.txt	Мирт
8673132664864.txt	Мирт
8673132664864.txt	Мирт
8673132664864.txt	Мирта
8673132664864.txt	Миртом
8673132664864.txt	Мирт
8673132664864.txt	Мирт
8673132664864.txt	Миртом
8673132664864.txt	Целая
8673132664864.txt	Димета
8673132664864.txt	благо смазки
8673132664864.txt	Африке
8673132664864.txt	Димету
8673132671139.txt	Рик
8673132671139.txt	Алан
8673132671139.txt	Рик
8673132671139.txt	Рик
8673132671139.txt	Алана
8673132671139.txt	Алан
8673132671139.txt	Рик
8673132671139.txt	Алан
8673132671139.txt	Рике
8673132671139.txt	Рик
8673132671139.txt	Рика
8673132671139.txt	Рика
8673132671139.txt	Алан
8673132671139.txt	Африке
8673132671139.txt	Рика
8673132671139.txt	Рика
8673132678055.txt	Алан
8673132678055.txt	Рика
8673132678055.txt	Димет
8673132678055.txt	Алан
8673132678055.txt	Анхельм
8673132678055.txt	Мирт
8673132678055.txt	Мирт
8673132678055.txt	Мирта
8673132678055.txt	Мирт
8673132678055.txt	Мирта
8673132678055.txt	Мирта
8673132678055.txt	Мирт
8673132693733.txt	РЕКЛАМА
8673132693733.txt	Мирта
8673132693733.txt	Мирт
8673132693733.txt	Мирт
8673132693733.txt	Мирту
8673132693733.txt	Мирт
8673132693733.txt	Мирт
8673132693733.txt	Мирт
8673132693733.txt	белого камня
8673132693733.txt	Алан
8673132693733.txt	Эйл
8673132693733.txt	Миртом
8673132693733.txt	Мирт
8673132693733.txt	Лексусом
8673132693733.txt	Стэном
8673132693733.txt	Стэн
8673132693733.txt	Стэна
8673132693733.txt	Димета
8673132693733.txt	Богам
8673132693733.txt	Стэн
8673132693733.txt	Димета
8673132693733.txt	Запрыгнув
8673132693733.txt	Димет
8673132696448.txt	РЕКЛАМА
8673132696448.txt	Алан
8673132696448.txt	Риком
8673132696448.txt	Влетев
8673132696448.txt	Трубку
8673132696448.txt	Алана
8673132696448.txt	Алану
8673132696448.txt	Алан
8673132696448.txt	Рик
8673132696448.txt	Рик
8673132696448.txt	Рик
8673132696448.txt	Алана
8673132696448.txt	Рика
8673132696448.txt	Рик
8673132696448.txt	Рика
8673132696448.txt	Рика
8673132696448.txt	Рик
8673132696448.txt	Алана
8673132696448.txt	Алану
8673132696448.txt	Луны
8673132696448.txt	Рик
8673132696448.txt	Рику
8673132711399.txt	Алан
8673132711399.txt	Стэн
8673132711399.txt	Стэн
8673132711399.txt	Димета
8673132711399.txt	Рик
8673132711399.txt	Димет
8673132711399.txt	Рик
8673132711399.txt	Стэна
8673132711399.txt	Димет
8673132711399.txt	Рика
8673132711399.txt	Рика
8673132711399.txt	Стэн
8673132711399.txt	Диметом
8673132711399.txt	Димета
8673132711399.txt	Димету
8673132711399.txt	Рик
8673132711399.txt	Димета
8673132711399.txt	Стэн
8673132711399.txt	Димету
8673132711399.txt	Стэн
8673132711399.txt	Риком
8673132711399.txt	Стэн
8673132711399.txt	альф
8673132711399.txt	Димета
8673132711399.txt	Рик
8673132711399.txt	Димет
8673132711399.txt	Рика
8673132712916.txt	РЕКЛАМА
8673132712916.txt	Рик
8673132712916.txt	Рика
8673132712916.txt	Рик
8673132712916.txt	Рику
8673132712916.txt	альф
8673132712916.txt	Рик
8673132712916.txt	Рик
8673132712916.txt	Голова
8673132712916.txt	Рика
8673132712916.txt	Шатаясь
8673132712916.txt	Рику
8673132712916.txt	Рик
8673132712916.txt	Рик
8673132712916.txt	Рика
8673132727187.txt	Алан
8673132727187.txt	Стэна
8673132727187.txt	Риком
8673132727187.txt	Улыбка
8673132727187.txt	Мирту
8673132727187.txt	Мирт
8673132727187.txt	Мирт
8673132727187.txt	Мирт
8673132727187.txt	Димету
8673132727187.txt	Стэна
8673132727187.txt	Димет
8673132727187.txt	Рика
8673132727187.txt	Мирт
8673132727187.txt	Мирт
8673132727187.txt	Рика
8673132727187.txt	Мирту
8673132727187.txt	Мирт
8673132727187.txt	Димета
8673132727187.txt	Хищный
8673132727187.txt	Стэн
8673132727187.txt	Лиек
8673132727187.txt	Залетев
8673132727187.txt	Лиека
8673132727187.txt	Димету
8673132727187.txt	Лиека
8673132727187.txt	Диметом
8673132727187.txt	Красавец
8673132727187.txt	Димета
8673132727187.txt	хмуро
8673132727187.txt	Рика
8673132727187.txt	Стэна
8673132729613.txt	Рик
8673132729613.txt	Рик
8673132729613.txt	Рик
8673132729613.txt	Него
8673132729613.txt	Соборный храм монастыря
8673132729613.txt	солнца
8673132729613.txt	Гевитом
8673132729613.txt	Рика
8673132742596.txt	РЕКЛАМА
8673132742596.txt	Рик
8673132742596.txt	Димет
8673132742596.txt	Димету
8673132742596.txt	Димета
8673132742596.txt	Алан
8673132742596.txt	Димета
8673132742596.txt	Диметом
8673132742596.txt	Димета
8673132742596.txt	Алана
8673132742596.txt	Димете
8673132742596.txt	Алана
8673132742596.txt	Димету
8673132742596.txt	Диметом
8673132742596.txt	Димет
8673132742596.txt	Алан
8673132742596.txt	Димет
8673132742596.txt	Димета
8673132742596.txt	Димет
8673132752419.txt	РЕКЛАМА
8673132752419.txt	Анхельма
8673132752419.txt	Анхельм
8673132752419.txt	Анхельма
8673132752419.txt	Гайд
8673132752419.txt	Рика
8673132752419.txt	Димета
8673132752419.txt	Анхельм
8673132752419.txt	Дэйм
8673132752419.txt	Анхельма
8673132752419.txt	Занудой
8673132752419.txt	Дэйм
8673132752419.txt	Мирта
8673132752419.txt	Гайда
8673132752419.txt	Анхельм
8673132752419.txt	Мирта
8673132752419.txt	Димета
8673132752419.txt	Мирт
8673132752419.txt	Анхельм
8673132752419.txt	Мирта
8673132752419.txt	Гайдом
8673132752419.txt	Гайд
8673132752419.txt	Гайд
8673132752419.txt	Мирт
8673132752419.txt	Димет
8673132752419.txt	Анхельма
8673132752419.txt	Димет
8673132752419.txt	альф
8673132752419.txt	Димета
8673132752419.txt	Димет
8673132752419.txt	Димета
8673132752419.txt	Димета
8673132752419.txt	Мирту
8673132752419.txt	Анхельма
8673132752419.txt	Гайду
8673132759804.txt	Рик
8673132759804.txt	Гайд
8673132759804.txt	Гайд
8673132759804.txt	Гайд
8673132759804.txt	Рик
8673132759804.txt	Рика
8673132759804.txt	Алан
8673132759804.txt	Алан
8673132759804.txt	Алан
8673132759804.txt	Димет
8673132759804.txt	Рик
8673132768403.txt	Алан
8673132768403.txt	Анхельма
8673132768403.txt	Димету
8673132768403.txt	Гайд
8673132768403.txt	Димету
8673132768403.txt	Мирт
8673132768403.txt	Димет
8673132768403.txt	Мирту
8673132768403.txt	Рик
8673132768403.txt	Димету
8673132768403.txt	Мирт
8673132768403.txt	Димету
8673132768403.txt	Мирт
8673132768403.txt	Димету
8673132768403.txt	Мирт
8673132768403.txt	Мирт
8673132768403.txt	Мирт
8673132768403.txt	Мирта
8673132768403.txt	Димета
8673132768403.txt	Мирт
8673132768403.txt	Мирт
8673132768403.txt	Мирт
8673132768403.txt	Напоследок
8673132768403.txt	Мирт
8673132768403.txt	Димета
8673132768403.txt	Мирта
8673132768403.txt	Димету
8673132768403.txt	Мирт
8673132768403.txt	Мирт
8673132768403.txt	Димета
8673132768403.txt	Мирту
8673132768403.txt	Миртом
8673132768403.txt	Махнув Мирту
8673132768403.txt	Мирт
8673132771119.txt	Алан
8673132771119.txt	Аланом
8673132771119.txt	Снова
8673132771119.txt	Возбужданчика
8673132800760.txt	РЕКЛАМА
8673132800760.txt	Димет
8673132800760.txt	Димета
8673132800760.txt	Позвонив Мирту
8673132800760.txt	Рика
8673132800760.txt	Мирт
8673132800760.txt	Димет
8673132800760.txt	Димет
8673132800760.txt	Мирт
8673132800760.txt	Димета
8673132800760.txt	Мирта
8673132800760.txt	Рассказав
8673132800760.txt	Димету
8673132800760.txt	Однажды Мирт
8673132800760.txt	Димет
8673132800760.txt	Душа
8673132800760.txt	Анхельмом
8673132800760.txt	Мирта
8673132800760.txt	Димет
8673132800760.txt	Мирт
8673132800760.txt	Мирт
8673132800760.txt	Тером
8673132800760.txt	Аукцион
8673132800760.txt	Димет
8673132800760.txt	Тер
8673132800760.txt	Мирта
8673132800760.txt	Тер
8673132800760.txt	Мирта
8673132800760.txt	Взяв
8673132800760.txt	Тер
8673132800760.txt	Мирт
8673132800921.txt	Стоило
8673132800921.txt	Рику
8673132800921.txt	Вечер
8673132800921.txt	луну
8673132800921.txt	Димет
8673132800921.txt	Передо
8673132800921.txt	Терпи
8673132800921.txt	Подбежав
8673132810300.txt	Алан
8673132810300.txt	Мирт
8673132810300.txt	Тоски
8673132810300.txt	Стараясь
8673132810300.txt	Мирт
8673132810300.txt	Мирта
8673132810300.txt	Мирт
8673132810300.txt	Мирта
8673132810300.txt	Будто
8673132810300.txt	Димет
8673132810300.txt	Димета
8673132810300.txt	Димет
8673132826919.txt	Рик
8673132826919.txt	Алана
8673132826919.txt	Алан
8673132826919.txt	Алану
8673132826919.txt	Алан
8673132826919.txt	Алан
8673132826919.txt	Шепчу
8673132835058.txt	Алан
8673132835058.txt	Димет
8673132835058.txt	Димет
8673132835058.txt	Мысли
8673132835058.txt	Каково
8673132835058.txt	Димет
8673132835058.txt	Димет
8673132835058.txt	Стэном
8673132835058.txt	Риком
8673132835058.txt	Мирт
8673132835058.txt	Мирта
8673132835058.txt	Димета
8673132835058.txt	Сердце
8673132835058.txt	Диметом
8673132835058.txt	Димет
8673132835058.txt	Нострадамус
8673132835058.txt	Диметом
8673132835058.txt	Димет
8673132835058.txt	Димет
8673132835058.txt	Димета
8673132835058.txt	Димет
8673132843236.txt	РЕКЛАМА
8673132843236.txt	Аланом
8673132843236.txt	Аланом
8673132843236.txt	Алан
8673132843236.txt	Клятву Гиппократа
8673132843236.txt	Кратко
8673132843236.txt	Алана
8673132843236.txt	Алана
8673132843236.txt	Тихо
8673132843236.txt	Алан
8673132843236.txt	Алан
8673132843236.txt	Алану
8673132843236.txt	Алан
8673132844301.txt	Алан
8673132844301.txt	Димету
8673132844301.txt	Мирт
8673132844301.txt	Димет
8673132844301.txt	Димет
8673132844301.txt	Димет
8673132844301.txt	Димета
8673132844301.txt	Мирт
8673132844301.txt	Димет
8673132844301.txt	Алана
8673132844301.txt	Димет
8673132844301.txt	Димет
8673132844301.txt	Алану
8673132844301.txt	Димет
8673132844301.txt	Алан
8673132844301.txt	Алан
8673132844301.txt	Димета припухли
8673132844301.txt	Алан
8673132844301.txt	Димет
8673132844301.txt	Алан
8673132844301.txt	Димет
8673132844301.txt	Димет
8673132844301.txt	Алана
8673132844301.txt	Взяв
8673132844301.txt	Грэга
8673132844301.txt	Элиаса
8673132844301.txt	Море
89770.txt	Марина
89770.txt	Марина
89770.txt	Марина
89770.txt	Марина
89770.txt	Марина
89770.txt	Марину
89770.txt	Марина
89770.txt	Марина
89770.txt	Марина
89770.txt	Марина
89770.txt	Оксана
89770.txt	Оксана
89770.txt	Марина
89770.txt	Марина
91200391.txt	Бэтти
91200391.txt	БЭТТ
91200391.txt	Эмили
91200391.txt	Бэтти
91200391.txt	Мафиози
91200391.txt	Бэтти
91200391.txt	Пойдем
91200391.txt	Начальница
91200391.txt	Эмили
91200391.txt	Бэт
91200391.txt	Сколько
91200391.txt	Чего
91200391.txt	Черт
91200391.txt	Моё
91200391.txt	Гарднер
91200391.txt	Слушай
91200391.txt	Гард
91200391.txt	Хорошо Босс
91200391.txt	Гарднер
91200391.txt	Ладненько
91200391.txt	Эмили
91200391.txt	АРМ
91200391.txt	Хорошо
91200391.txt	Гард
91200391.txt	Гардом
91200391.txt	Гарднеру
91200391.txt	Черт
91200391.txt	Извини
91200391.txt	Да
91200391.txt	Сегодня
91200391.txt	Витроу
91200391.txt	Понятно
91200391.txt	Барменом
91200391.txt	Гарда
91200391.txt	Гекконе
91200391.txt	Гард
91200391.txt	Тодом
91200391.txt	Тода
91200391.txt	Сорок
91200391.txt	рос
91200391.txt	Тодда
91200391.txt	Гард
91200391.txt	Гард
91200391.txt	Гарднер
91200391.txt	Сорок
91200391.txt	Гарди
91200391.txt	Гарда
91200391.txt	Мне Бэтти
91200391.txt	Ах
91200391.txt	Эмили
91200391.txt	Гарднера
91200391.txt	Гард
91200391.txt	Эмили
91200391.txt	Хорошо
91200391.txt	Спасибо
91200391.txt	Пройдем
91200391.txt	АРМ
91200391.txt	АРМ
91200391.txt	Гард
91200391.txt	Эмили
91200391.txt	Хорошо
91200391.txt	Бэт
91200391.txt	Если
91200391.txt	Бэт
91200391.txt	Тебя
91200391.txt	Ого
91200391.txt	Тебе
91200391.txt	Хорошо
91200391.txt	Эмили
91200391.txt	Гарду
91200391.txt	Сорок
91200391.txt	Гарднера
91200391.txt	Закрыто
91200391.txt	Открыто
91200391.txt	Если
91200391.txt	Эмили
91200391.txt	Гарднер
91200391.txt	Здравствуй
91200391.txt	Здравствуйте
91200391.txt	Да
91200391.txt	Хорошо
91200391.txt	Хэ-хэ-хэ
91200391.txt	Готово
91200391.txt	Благодарю
91200391.txt	Филипп
91200391.txt	Я Гард
91200391.txt	Фил
91200391.txt	T-VARS
91200391.txt	Эта
91200391.txt	Гарднера
91200391.txt	Вижу
91200391.txt	Да
91200391.txt	Давай
91200391.txt	Филу
91200391.txt	Жалко
91200391.txt	Ага-ага
91200391.txt	Ладно
91200391.txt	Филом
91200391.txt	Сорок
91200391.txt	Гарднер
91200391.txt	Приветствую
91200391.txt	Сорок
91200391.txt	Здравствуйте
91200391.txt	Михаил Капелли
91200391.txt	KRAMBELLA
91200391.txt	Да
91200391.txt	Гарднер
91200391.txt	Гард
91200391.txt	Злобно
91200391.txt	Нет
91200391.txt	Вот
91200391.txt	Гард
91200391.txt	АРМ
91200391.txt	Нет
91200391.txt	Алрика
91200391.txt	Алрик
91200391.txt	Капелли
91200391.txt	Гарду
91200391.txt	Черт
91200391.txt	Хорошо
91200391.txt	Михаил
91200391.txt	Гардом
91200391.txt	Эмили
91200391.txt	Налей
91200391.txt	Сегодня
91200391.txt	АРМ
91200391.txt	Я
91200391.txt	KRAMBELLA
91200391.txt	T-VARS
91200391.txt	GELUTON
91200391.txt	Вообще
91200391.txt	Деньги
91200391.txt	ПТУ
91200391.txt	Ты
91200391.txt	Сорок
91200391.txt	Че
91200391.txt	Сорок
91200391.txt	Кхэ
91200391.txt	Кэролайн
91200391.txt	Капелли
91200391.txt	Старшего
91200391.txt	Михаила Капелли
91200391.txt	Вполне
91200391.txt	Ты
91200391.txt	Витроу
91200391.txt	Гард
91200391.txt	Гарднер
91200391.txt	Гард
91200391.txt	Гарднер
91200391.txt	Сорок
91200391.txt	Тодом
91200391.txt	Гарди
91200391.txt	Капелли
91200391.txt	Алло
91200391.txt	Гарднер
91200391.txt	Ах да
91200391.txt	Гард
91200391.txt	Рагун
91200391.txt	Понял
91200391.txt	Гард
91200391.txt	Капелли
91200391.txt	Приветствую Гарднер
91200391.txt	Конечно
91200391.txt	Где Алрик
91200391.txt	J-12.На
91200391.txt	Михаил
91200391.txt	Капелли
91200391.txt	Гард
91200391.txt	Капелли
91200391.txt	Михаил
91200391.txt	Значит
91200391.txt	Гарднер
91200391.txt	Алрика
91200391.txt	Михаилу
91200391.txt	Ну
91200391.txt	Гарднер
91200391.txt	Сорок
91200391.txt	Капелли
91200391.txt	Гард
91200391.txt	Капелли
91200391.txt	Михаил
91200391.txt	Гарда
91200391.txt	Капелли
91200391.txt	Алрик
91200391.txt	Гарднер
91200391.txt	Жалко
91200391.txt	Леху
91200391.txt	Кракоса
91200391.txt	Согласен
91200391.txt	Кракоса
91200391.txt	Слава Кракосу
91200391.txt	Алрик
91200391.txt	Слава
91200391.txt	Алрика
91200391.txt	Гард
91200391.txt	Кракоса
91200391.txt	Сорок
91200391.txt	СЕРЫЙ
91200391.txt	ПИЗДЕЦ
91200391.txt	СЛЕТЕЛА
91200391.txt	Шо
91200391.txt	Вася
91200391.txt	САДЫ ЖЕ
91200391.txt	Успокойся
91200391.txt	ОСОБНЯК
91200391.txt	Ладно
91200391.txt	Гарда
91200391.txt	Гард
91200391.txt	Алрика
91200391.txt	Гарди
91200391.txt	Алрику
91200391.txt	Алрик
91200391.txt	Сорок
91200391.txt	Гарднера
91200391.txt	Кого
91200391.txt	Папаню
91200391.txt	Нет
91200391.txt	Кракоса
91200391.txt	Кракосом
91200391.txt	Алрику
91200391.txt	Подожди
91200391.txt	Уэ-э-э
91200391.txt	Алрика
91200391.txt	Капелли
91200391.txt	Гарднера
91200391.txt	Алрике
91200391.txt	Капелли
91200391.txt	Алрика
91200391.txt	Михаил
91200391.txt	Алрика
91200391.txt	Алрика
91200391.txt	Приветствую
91200391.txt	Гарда
91200391.txt	Гарда
91200391.txt	Гард
91200391.txt	Гарда
91200391.txt	Капелли
91200391.txt	Гард
91200391.txt	Тодд
916037.txt	РЕКЛАМА
916037.txt	Слэш
916037.txt	Теремке
916037.txt	Серым Волком
916037.txt	Думай
916037.txt	Печкин
